"","booking_id","months_as_member","weight","days_before","day_of_week","time","category","attended"
"1",1,17,79.56,8,"Wed","PM","Strength","0"
"2",2,10,79.01,2,"Mon","AM","HIIT","0"
"3",3,16,74.53,14,"Sun","AM","Strength","0"
"4",4,5,86.12,10,"Fri","AM","Cycling","0"
"5",5,15,69.29,8,"Thu","AM","HIIT","0"
"6",6,7,93.33,2,"Mon","AM","Cycling","0"
"7",7,11,88.59,6,"Wed","PM","HIIT","0"
"8",8,9,89.52,10,"Fri","AM","HIIT","0"
"9",9,23,71.12,10,"Fri","AM","HIIT","1"
"10",10,7,81.25,10,"Fri","AM","HIIT","0"
"11",11,13,73.22,4,"Tue","AM","Cycling","0"
"12",12,16,86.86,10,"Fri","AM","Cycling","0"
"13",13,16,71.7,14,"Sun","AM","Strength","1"
"14",14,8,81.32,4,"Tue","AM","Cycling","0"
"15",15,9,77.35,10,"Fri","AM","Cycling","0"
"16",16,9,82.42,14,"Sun","AM","HIIT","1"
"17",17,22,69.52,14,"Sun","AM","Strength","1"
"18",18,6,79.01,9,"Thu","PM","Yoga","0"
"19",19,33,81.55,8,"Thu","AM","Cycling","1"
"20",20,10,72.93,4,"Tue","AM","Cycling","1"
"21",21,24,68.35,12,"Sat","PM","Strength","1"
"22",22,14,94.72,2,"Mon","AM","Cycling","1"
"23",23,2,92.87,10,"Fri","AM","Strength","0"
"24",24,12,91.74,10,"Fri","AM","Strength","0"
"25",25,8,92.24,2,"Mon","AM","Strength","0"
"26",26,2,85.67,2,"Mon","AM","HIIT","0"
"27",27,12,76.56,2,"Mon","AM","HIIT","1"
"28",28,26,82.87,4,"Tue","PM","HIIT","0"
"29",29,28,87.19,2,"Mon","AM","Strength","1"
"30",30,27,98.91,12,"Sat","AM","Yoga","1"
"31",31,8,79.96,4,"Tue","AM","HIIT","1"
"32",32,8,84.87,2,"Mon","AM","Strength","0"
"33",33,1,88.75,4,"Tue","AM","Cycling","0"
"34",34,6,86.67,10,"Fri","AM","Yoga","0"
"35",35,3,81.58,10,"Fri","AM","HIIT","0"
"36",36,6,83.13,9,"Thu","PM","Cycling","0"
"37",37,24,73.49,4,"Tue","AM","Strength","1"
"38",38,8,79.36,12,"Sat","AM","HIIT","0"
"39",39,27,78.81,10,"Fri","AM","HIIT","1"
"40",40,7,97.26,10,"Fri","AM","HIIT","0"
"41",41,5,93.33,14,"Sun","AM","HIIT","0"
"42",42,14,83.16,10,"Thu","PM","Strength","0"
"43",43,7,90,14,"Sun","PM","Cycling","0"
"44",44,9,112.15,10,"Fri","AM","HIIT","0"
"45",45,6,108.2,8,"Wed","PM","Strength","0"
"46",46,5,104.19,2,"Mon","AM","HIIT","0"
"47",47,21,67.81,4,"Tue","PM","HIIT","0"
"48",48,17,81.98,2,"Mon","AM","HIIT","0"
"49",49,10,81.56,14,"Sun","AM","Strength","0"
"50",50,18,79.57,2,"Mon","AM","Strength","0"
"51",51,8,85.39,8,"Thu","AM","Yoga","0"
"52",52,19,69.65,2,"Mon","AM","Yoga","0"
"53",53,12,77.09,10,"Fri","AM","HIIT","0"
"54",54,19,65.65,4,"Tue","AM","HIIT","1"
"55",55,53,61.1,10,"Fri","AM","HIIT","1"
"56",56,17,71.35,4,"Tue","PM","unknown","0"
"57",57,3,100.9,10,"Fri","AM","HIIT","0"
"58",58,12,79.68,2,"Mon","AM","HIIT","0"
"59",59,19,72.23,10,"Fri","AM","Yoga","0"
"60",60,16,67.53,8,"Thu","AM","Yoga","0"
"61",61,8,101.32,5,"Tue","PM","Yoga","0"
"62",62,6,81.44,2,"Mon","AM","HIIT","0"
"63",63,9,76.05,4,"Tue","AM","HIIT","0"
"64",64,10,100.44,8,"Thu","AM","Aqua","0"
"65",65,2,107.03,2,"Mon","AM","Yoga","0"
"66",66,20,76.07,4,"Tue","AM","HIIT","0"
"67",67,11,71.54,8,"Thu","AM","Strength","0"
"68",68,8,72.63,14,"Sun","PM","Strength","1"
"69",69,9,82.13,10,"Thu","PM","HIIT","0"
"70",70,2,108.82,10,"Fri","AM","HIIT","0"
"71",71,17,74.57,3,"Mon","AM","Cycling","0"
"72",72,11,74.75,10,"Fri","AM","HIIT","0"
"73",73,8,85.86,7,"Wed","PM","HIIT","0"
"74",74,28,73.78,5,"Wed","PM","HIIT","1"
"75",75,34,75.34,10,"Fri","AM","Cycling","0"
"76",76,20,60.1,2,"Mon","AM","Aqua","0"
"77",77,5,94.7,6,"Wed","AM","HIIT","0"
"78",78,12,97.11,8,"Thu","AM","HIIT","1"
"79",79,14,69,14,"Sun","AM","Cycling","1"
"80",80,11,82.16,13,"Sat","AM","Yoga","0"
"81",81,10,94.97,8,"Thu","AM","Cycling","0"
"82",82,11,85.79,8,"Thu","PM","Yoga","0"
"83",83,6,117.19,10,"Fri","AM","HIIT","0"
"84",84,25,70.8,13,"Sat","PM","HIIT","1"
"85",85,9,74.76,8,"Thu","AM","HIIT","0"
"86",86,8,80.34,10,"Fri","AM","HIIT","0"
"87",87,17,86.53,7,"Thu","PM","Cycling","0"
"88",88,20,80.11,10,"Fri","AM","Yoga","1"
"89",89,14,68.96,14,"Sun","AM","Aqua","0"
"90",90,32,77.57,6,"Wed","AM","Cycling","0"
"91",91,3,112.47,10,"Fri","AM","Strength","0"
"92",92,27,77.39,8,"Thu","AM","Strength","1"
"93",93,73,66,8,"Thu","AM","HIIT","1"
"94",94,10,79.32,12,"Sat","AM","HIIT","1"
"95",95,5,90.06,6,"Wed","AM","Cycling","0"
"96",96,20,75.34,10,"Thu","PM","Cycling","1"
"97",97,7,81.69,12,"Sat","AM","Cycling","1"
"98",98,6,80.74,8,"Thu","PM","HIIT","0"
"99",99,55,62.92,6,"Wed","PM","Cycling","1"
"100",100,4,113.86,4,"Tue","AM","HIIT","0"
"101",101,9,73.07,8,"Thu","AM","HIIT","0"
"102",102,7,84.72,12,"Sat","AM","Strength","0"
"103",103,14,80.76,14,"Sun","AM","Strength","0"
"104",104,11,85.41,2,"Mon","AM","HIIT","1"
"105",105,9,92.06,2,"Mon","AM","HIIT","0"
"106",106,5,78.28,2,"Mon","AM","HIIT","0"
"107",107,12,79.77,2,"Mon","AM","Strength","0"
"108",108,8,71.49,10,"Fri","AM","HIIT","0"
"109",109,21,76.77,8,"Thu","AM","Cycling","0"
"110",110,14,69.35,20,"Sun","PM","HIIT","1"
"111",111,11,74.57,14,"Sun","PM","Strength","0"
"112",112,34,64.52,14,"Sun","AM","Yoga","1"
"113",113,8,81.06,4,"Tue","PM","HIIT","0"
"114",114,12,79.79,2,"Mon","AM","HIIT","0"
"115",115,14,NA,10,"Fri","AM","HIIT","0"
"116",116,27,83.32,8,"Thu","AM","Yoga","1"
"117",117,10,97.13,1,"Mon","PM","HIIT","0"
"118",118,18,88.77,14,"Sun","AM","Cycling","1"
"119",119,13,90.38,2,"Mon","AM","Yoga","1"
"120",120,26,65.88,2,"Mon","AM","HIIT","0"
"121",121,35,69.41,4,"Tue","AM","HIIT","1"
"122",122,54,73.02,7,"Wed","AM","HIIT","1"
"123",123,6,98.42,10,"Fri","AM","HIIT","0"
"124",124,15,71.99,10,"Fri","AM","HIIT","0"
"125",125,76,58.68,15,"Sun","PM","HIIT","1"
"126",126,3,97.38,2,"Mon","AM","Cycling","0"
"127",127,15,75.7,2,"Mon","AM","Cycling","0"
"128",128,3,86.92,8,"Thu","AM","Cycling","0"
"129",129,28,70.77,12,"Sat","AM","HIIT","1"
"130",130,8,104.33,14,"Sun","AM","HIIT","0"
"131",131,5,81.42,14,"Sun","AM","HIIT","0"
"132",132,11,77.56,7,"Thu","PM","HIIT","0"
"133",133,9,109.23,2,"Mon","AM","HIIT","0"
"134",134,11,97.77,14,"Sun","AM","HIIT","0"
"135",135,9,85.32,8,"Thu","AM","Cycling","0"
"136",136,24,80.01,2,"Mon","AM","HIIT","1"
"137",137,10,73.38,10,"Fri","AM","HIIT","0"
"138",138,13,95.97,2,"Mon","AM","Cycling","0"
"139",139,62,57.83,2,"Mon","AM","HIIT","1"
"140",140,5,89.67,15,"Sun","AM","HIIT","0"
"141",141,42,59.97,10,"Fri","AM","Yoga","1"
"142",142,21,73.99,10,"Fri","AM","Yoga","1"
"143",143,11,55.41,10,"Fri","AM","HIIT","0"
"144",144,105,66.07,12,"Sat","AM","Cycling","1"
"145",145,15,78.07,8,"Thu","AM","HIIT","0"
"146",146,4,109.09,4,"Tue","PM","HIIT","0"
"147",147,20,81.06,2,"Mon","AM","Cycling","1"
"148",148,24,62.76,7,"Wed","PM","HIIT","0"
"149",149,2,108.13,14,"Sun","AM","HIIT","0"
"150",150,5,94.46,14,"Sun","AM","Strength","0"
"151",151,90,58.13,14,"Sun","AM","HIIT","1"
"152",152,15,66.24,8,"Thu","AM","HIIT","0"
"153",153,29,68.84,4,"Tue","PM","Strength","1"
"154",154,8,77.16,12,"Fri","PM","HIIT","0"
"155",155,18,82.93,12,"Sat","AM","HIIT","0"
"156",156,60,68.02,12,"Sat","AM","Cycling","1"
"157",157,3,112.22,12,"Sat","AM","HIIT","0"
"158",158,16,88.34,2,"Mon","AM","Strength","1"
"159",159,7,83.26,3,"Tue","PM","Cycling","0"
"160",160,21,83.77,8,"Thu","AM","HIIT","0"
"161",161,21,63.04,2,"Mon","AM","HIIT","0"
"162",162,3,110.18,8,"Thu","PM","Strength","0"
"163",163,3,98.53,8,"Thu","PM","HIIT","0"
"164",164,12,65.51,4,"Tue","AM","HIIT","0"
"165",165,11,72.21,13,"Sat","PM","HIIT","0"
"166",166,9,83.07,2,"Mon","AM","Strength","0"
"167",167,18,99.91,12,"Sat","AM","Strength","1"
"168",168,7,90.73,8,"Thu","AM","Cycling","0"
"169",169,30,78.41,12,"Sat","AM","HIIT","1"
"170",170,9,73.58,8,"Thu","AM","Strength","0"
"171",171,6,111.44,10,"Fri","AM","Aqua","0"
"172",172,8,89.62,12,"Sat","AM","Strength","0"
"173",173,11,63.69,4,"Tue","AM","HIIT","0"
"174",174,13,87.31,12,"Sat","AM","Strength","0"
"175",175,25,80.15,10,"Fri","AM","Cycling","0"
"176",176,32,84.76,2,"Mon","AM","Cycling","0"
"177",177,3,105.88,10,"Fri","AM","Strength","0"
"178",178,11,78.28,12,"Sat","AM","HIIT","0"
"179",179,12,69.33,4,"Tue","AM","Strength","0"
"180",180,8,82.63,12,"Sat","AM","HIIT","0"
"181",181,23,90.78,12,"Sat","AM","Cycling","0"
"182",182,5,99.45,10,"Fri","AM","Aqua","0"
"183",183,6,82.54,12,"Sat","AM","Strength","0"
"184",184,107,67.02,4,"Tue","PM","HIIT","1"
"185",185,52,69.34,10,"Fri","AM","HIIT","1"
"186",186,8,70.84,12,"Sat","AM","HIIT","0"
"187",187,8,92.84,10,"Fri","AM","Cycling","0"
"188",188,34,63.41,8,"Thu","AM","Cycling","0"
"189",189,13,78.59,2,"Mon","AM","Strength","1"
"190",190,5,71.74,6,"Wed","PM","Strength","0"
"191",191,14,68.75,3,"Mon","AM","Aqua","1"
"192",192,53,61.2,4,"Tue","AM","HIIT","1"
"193",193,17,89.54,12,"Sat","AM","HIIT","0"
"194",194,37,66.89,10,"Fri","AM","Yoga","1"
"195",195,8,72.56,2,"Mon","AM","Strength","0"
"196",196,11,70.91,4,"Tue","PM","Aqua","0"
"197",197,15,79.02,12,"Sat","AM","Strength","0"
"198",198,37,73.32,2,"Mon","AM","Strength","1"
"199",199,8,98.92,10,"Fri","AM","Aqua","0"
"200",200,12,80.28,14,"Sun","AM","Cycling","0"
"201",201,22,88.9,4,"Tue","AM","Yoga","1"
"202",202,9,83.21,12,"Sat","AM","HIIT","0"
"203",203,6,97.94,7,"Thu","PM","Cycling","0"
"204",204,15,104.16,11,"Fri","AM","HIIT","0"
"205",205,10,110.54,2,"Mon","AM","HIIT","0"
"206",206,6,91.52,10,"Fri","AM","HIIT","0"
"207",207,38,85.69,6,"Wed","AM","HIIT","1"
"208",208,10,100.37,12,"Sat","PM","HIIT","0"
"209",209,35,72.7,10,"Fri","AM","Cycling","1"
"210",210,10,93.92,11,"Sat","PM","Yoga","0"
"211",211,19,98.71,14,"Sun","AM","HIIT","0"
"212",212,16,NA,10,"Fri","AM","Cycling","0"
"213",213,10,84.1,14,"Sun","AM","HIIT","0"
"214",214,9,77.48,2,"Mon","AM","Cycling","0"
"215",215,16,67.38,2,"Mon","AM","HIIT","0"
"216",216,8,84.49,10,"Fri","AM","Yoga","0"
"217",217,12,74.04,4,"Tue","AM","Aqua","0"
"218",218,21,69,4,"Tue","PM","Yoga","1"
"219",219,13,72.34,12,"Sat","AM","HIIT","0"
"220",220,3,90.91,8,"Thu","AM","Cycling","0"
"221",221,27,68.72,12,"Sat","AM","Strength","1"
"222",222,17,74.87,2,"Mon","AM","HIIT","1"
"223",223,20,66.15,10,"Fri","AM","HIIT","1"
"224",224,48,68.39,10,"Fri","AM","HIIT","1"
"225",225,21,83.07,14,"Sun","AM","Strength","1"
"226",226,51,63.59,8,"Thu","AM","HIIT","1"
"227",227,13,72.58,12,"Sat","AM","Strength","0"
"228",228,20,68.7,8,"Thu","AM","Cycling","1"
"229",229,12,84.45,13,"Sat","AM","Strength","0"
"230",230,23,71,6,"Wed","AM","Cycling","0"
"231",231,12,88.42,9,"Thu","AM","Yoga","0"
"232",232,10,81.69,8,"Thu","AM","HIIT","0"
"233",233,18,80.93,2,"Mon","AM","Aqua","0"
"234",234,8,85.12,6,"Wed","AM","HIIT","1"
"235",235,16,76.12,8,"Thu","AM","Strength","0"
"236",236,8,90.12,12,"Sat","AM","HIIT","0"
"237",237,17,76.61,13,"Sat","AM","Cycling","1"
"238",238,29,68.31,2,"Mon","AM","Yoga","1"
"239",239,10,74.35,3,"Tue","PM","HIIT","0"
"240",240,9,75.63,12,"Sat","AM","HIIT","0"
"241",241,10,77.81,5,"Tue","PM","Cycling","1"
"242",242,7,79.38,14,"Sun","AM","HIIT","0"
"243",243,16,87.55,8,"Thu","PM","Cycling","0"
"244",244,7,89.94,8,"Thu","AM","HIIT","0"
"245",245,34,68.83,10,"Fri","AM","Yoga","1"
"246",246,9,82.29,2,"Mon","PM","Cycling","0"
"247",247,12,82.89,12,"Sat","AM","HIIT","0"
"248",248,12,77.03,10,"Fri","AM","HIIT","0"
"249",249,7,86.31,10,"Fri","AM","Cycling","0"
"250",250,40,68.7,14,"Sun","AM","Cycling","1"
"251",251,4,86.74,2,"Mon","AM","Cycling","0"
"252",252,8,92.4,2,"Mon","AM","Aqua","1"
"253",253,8,86.15,2,"Mon","AM","HIIT","0"
"254",254,3,101.97,12,"Sat","AM","Strength","0"
"255",255,7,105.2,14,"Sun","PM","HIIT","0"
"256",256,6,78.32,14,"Sun","AM","HIIT","0"
"257",257,8,82.16,10,"Fri","AM","Strength","0"
"258",258,5,80.71,10,"Fri","AM","Strength","0"
"259",259,25,75.26,14,"Sun","AM","HIIT","1"
"260",260,20,78.7,12,"Sat","AM","Cycling","1"
"261",261,15,76.31,12,"Sat","AM","Strength","0"
"262",262,16,82.66,10,"Fri","AM","Aqua","0"
"263",263,8,81.45,4,"Tue","AM","Cycling","0"
"264",264,13,82.28,12,"Sat","AM","Strength","0"
"265",265,6,79.9,12,"Sat","AM","Yoga","0"
"266",266,12,78.05,2,"Mon","AM","Aqua","0"
"267",267,4,103.25,14,"Sun","AM","HIIT","0"
"268",268,4,86.88,4,"Tue","AM","HIIT","0"
"269",269,7,103.46,12,"Sat","AM","Cycling","0"
"270",270,4,75.82,10,"Fri","AM","Cycling","0"
"271",271,3,97.88,4,"Tue","AM","Aqua","0"
"272",272,13,77.83,2,"Mon","AM","Aqua","0"
"273",273,6,89.99,8,"Thu","PM","Yoga","0"
"274",274,25,82.15,10,"Fri","AM","Cycling","0"
"275",275,20,70.41,8,"Thu","AM","Aqua","0"
"276",276,7,82.81,16,"Sun","PM","HIIT","0"
"277",277,17,59.56,10,"Fri","AM","Cycling","1"
"278",278,26,74.57,2,"Mon","AM","HIIT","1"
"279",279,3,86.08,2,"Mon","AM","HIIT","0"
"280",280,21,66.49,6,"Wed","AM","Cycling","0"
"281",281,9,93.47,8,"Thu","PM","Strength","0"
"282",282,12,73.88,10,"Fri","AM","HIIT","0"
"283",283,14,88.33,12,"Sat","AM","HIIT","0"
"284",284,8,79.42,7,"Thu","PM","Cycling","0"
"285",285,26,74.46,10,"Fri","AM","HIIT","0"
"286",286,89,73.41,8,"Thu","AM","HIIT","1"
"287",287,24,67.71,12,"Sat","AM","Cycling","1"
"288",288,13,80.77,12,"Sat","AM","Cycling","1"
"289",289,10,73.69,6,"Wed","PM","Cycling","0"
"290",290,22,71.87,4,"Tue","AM","HIIT","1"
"291",291,9,91.17,7,"Wed","PM","Cycling","0"
"292",292,26,63.81,12,"Sat","AM","Strength","1"
"293",293,5,114.17,2,"Mon","AM","Strength","0"
"294",294,57,70.39,14,"Sun","AM","Cycling","1"
"295",295,11,84.37,2,"Mon","AM","Aqua","1"
"296",296,34,70.09,4,"Tue","AM","HIIT","1"
"297",297,20,78.1,12,"Sat","AM","Yoga","1"
"298",298,13,81.01,6,"Wed","PM","Strength","1"
"299",299,6,87.32,4,"Tue","PM","HIIT","0"
"300",300,4,71.49,14,"Sun","AM","Strength","0"
"301",301,7,78.46,6,"Wed","AM","HIIT","0"
"302",302,11,87.9,4,"Tue","AM","HIIT","1"
"303",303,9,99.29,8,"Thu","AM","Cycling","0"
"304",304,9,88.49,12,"Sat","AM","HIIT","1"
"305",305,12,68.15,2,"Mon","AM","HIIT","0"
"306",306,10,81.98,15,"Sun","PM","HIIT","0"
"307",307,36,74.73,10,"Fri","AM","HIIT","1"
"308",308,13,81.25,4,"Tue","AM","HIIT","0"
"309",309,13,74.59,3,"Tue","PM","Cycling","1"
"310",310,7,80.65,12,"Sat","AM","HIIT","0"
"311",311,13,78.52,13,"Sat","AM","Strength","0"
"312",312,18,66.05,12,"Sat","AM","HIIT","0"
"313",313,13,95.72,4,"Tue","AM","HIIT","1"
"314",314,23,94.94,1,"Mon","PM","Cycling","1"
"315",315,5,90.51,11,"Thu","PM","Yoga","0"
"316",316,5,NA,14,"Sun","AM","HIIT","0"
"317",317,11,83.92,10,"Fri","AM","Cycling","0"
"318",318,15,81.12,12,"Sat","AM","Yoga","0"
"319",319,20,66.67,10,"Fri","AM","HIIT","0"
"320",320,12,97.1,7,"Wed","PM","HIIT","1"
"321",321,14,85.49,4,"Tue","AM","HIIT","0"
"322",322,20,91.6,8,"Thu","AM","Cycling","0"
"323",323,14,84.25,8,"Thu","AM","Strength","1"
"324",324,14,83.35,8,"Thu","AM","HIIT","0"
"325",325,6,111.16,10,"Fri","AM","Cycling","0"
"326",326,17,77.19,14,"Sun","AM","HIIT","1"
"327",327,12,100.05,8,"Thu","PM","HIIT","0"
"328",328,11,69.73,14,"Sun","PM","Cycling","0"
"329",329,5,76.93,7,"Wed","PM","HIIT","0"
"330",330,18,75.16,15,"Sun","AM","Cycling","0"
"331",331,10,70.61,8,"Thu","AM","HIIT","0"
"332",332,15,71.06,2,"Mon","AM","Yoga","1"
"333",333,19,70.68,4,"Tue","PM","Cycling","0"
"334",334,52,83.2,10,"Fri","AM","Cycling","1"
"335",335,16,87,10,"Fri","AM","Yoga","1"
"336",336,19,67.86,12,"Sat","AM","Strength","0"
"337",337,11,97.87,5,"Tue","PM","Cycling","0"
"338",338,14,68.47,14,"Sun","AM","HIIT","0"
"339",339,13,71.22,3,"Mon","AM","Yoga","0"
"340",340,7,97.55,13,"Wed","PM","Cycling","0"
"341",341,6,85.36,14,"Sun","AM","HIIT","0"
"342",342,13,96.94,10,"Fri","AM","HIIT","0"
"343",343,27,76.99,12,"Sat","AM","Cycling","1"
"344",344,23,74.94,12,"Sat","AM","Cycling","1"
"345",345,20,83.41,14,"Sun","AM","Cycling","1"
"346",346,19,72.34,8,"Thu","AM","Strength","1"
"347",347,8,75.14,2,"Mon","AM","HIIT","0"
"348",348,5,112.86,10,"Fri","AM","Cycling","0"
"349",349,38,72.88,1,"Mon","PM","HIIT","0"
"350",350,10,88.28,2,"Mon","AM","Yoga","0"
"351",351,11,79.68,10,"Fri","AM","HIIT","0"
"352",352,18,81.2,12,"Sat","AM","Cycling","1"
"353",353,16,79.57,8,"Thu","AM","Cycling","0"
"354",354,18,78.63,7,"Wed","PM","Cycling","0"
"355",355,6,93.79,12,"Sat","AM","Strength","0"
"356",356,38,69.36,4,"Tue","AM","Strength","0"
"357",357,18,73.05,2,"Mon","AM","HIIT","1"
"358",358,3,86.5,14,"Sun","AM","Cycling","0"
"359",359,7,81.54,10,"Thu","PM","Cycling","0"
"360",360,9,77.71,12,"Sat","AM","HIIT","0"
"361",361,20,81.53,10,"Fri","AM","HIIT","0"
"362",362,5,88.39,14,"Sun","AM","Strength","0"
"363",363,5,94.46,2,"Mon","AM","HIIT","0"
"364",364,7,87.52,6,"Wed","PM","Strength","0"
"365",365,8,80.72,14,"Sun","AM","Cycling","0"
"366",366,4,88.17,2,"Mon","AM","Cycling","0"
"367",367,4,NA,2,"Mon","AM","Aqua","0"
"368",368,14,85.02,4,"Tue","PM","Cycling","0"
"369",369,2,148.02,8,"Thu","AM","HIIT","0"
"370",370,13,88.57,12,"Sat","AM","Aqua","1"
"371",371,6,87.32,14,"Sun","PM","HIIT","0"
"372",372,14,72.91,12,"Sat","AM","Yoga","1"
"373",373,7,91.65,14,"Sun","AM","Yoga","0"
"374",374,9,84.27,2,"Mon","AM","Cycling","0"
"375",375,10,97.99,10,"Fri","AM","Strength","0"
"376",376,4,90.56,8,"Thu","AM","Strength","0"
"377",377,14,78.59,14,"Sun","AM","HIIT","0"
"378",378,12,92.47,6,"Tue","PM","Strength","0"
"379",379,7,97.56,10,"Fri","AM","HIIT","0"
"380",380,44,69.88,2,"Mon","AM","HIIT","1"
"381",381,14,77.98,7,"Wed","PM","Strength","0"
"382",382,13,83.43,2,"Mon","AM","Cycling","1"
"383",383,6,79.07,4,"Tue","AM","HIIT","0"
"384",384,8,91.58,8,"Thu","AM","HIIT","0"
"385",385,29,77.57,2,"Mon","PM","Cycling","1"
"386",386,11,115.18,2,"Mon","AM","Strength","0"
"387",387,5,91.47,14,"Sun","AM","Strength","0"
"388",388,10,76.63,6,"Wed","PM","Cycling","0"
"389",389,7,91.88,12,"Sat","AM","HIIT","1"
"390",390,21,69.93,10,"Fri","AM","HIIT","0"
"391",391,8,89.72,10,"Fri","AM","Cycling","0"
"392",392,4,109.82,10,"Fri","AM","HIIT","0"
"393",393,7,76.58,2,"Mon","AM","HIIT","0"
"394",394,8,97.2,11,"Sat","PM","Cycling","0"
"395",395,6,100.82,14,"Sun","AM","Cycling","0"
"396",396,13,87.5,4,"Tue","AM","HIIT","0"
"397",397,26,70.25,8,"Thu","AM","HIIT","0"
"398",398,20,76.69,8,"Thu","AM","Strength","0"
"399",399,17,67.71,8,"Thu","AM","Cycling","0"
"400",400,7,90.14,10,"Fri","AM","HIIT","0"
"401",401,19,70.41,14,"Sun","AM","HIIT","0"
"402",402,8,73.98,7,"Thu","PM","Cycling","0"
"403",403,15,71.29,2,"Mon","AM","HIIT","0"
"404",404,35,63.28,8,"Thu","AM","HIIT","1"
"405",405,8,84.64,8,"Thu","AM","unknown","0"
"406",406,10,99.92,10,"Fri","AM","Strength","0"
"407",407,39,81.53,6,"Wed","AM","Yoga","0"
"408",408,8,89.14,12,"Sat","AM","Cycling","0"
"409",409,15,86.09,10,"Fri","AM","HIIT","0"
"410",410,10,85.31,12,"Sat","PM","HIIT","0"
"411",411,6,96.07,8,"Thu","AM","Strength","0"
"412",412,15,96.49,14,"Sun","AM","Yoga","0"
"413",413,13,81.79,14,"Sun","AM","Cycling","0"
"414",414,7,86.7,12,"Sat","AM","HIIT","0"
"415",415,21,87.43,12,"Sat","PM","Strength","0"
"416",416,9,73.89,12,"Sat","AM","Cycling","0"
"417",417,6,101.7,5,"Tue","PM","Aqua","0"
"418",418,8,76.99,4,"Tue","AM","HIIT","0"
"419",419,14,84.17,14,"Sun","AM","HIIT","1"
"420",420,11,92.82,8,"Thu","PM","HIIT","0"
"421",421,10,69.85,2,"Mon","AM","Cycling","0"
"422",422,5,93.99,14,"Sun","AM","Cycling","0"
"423",423,13,67.26,10,"Fri","AM","Cycling","0"
"424",424,41,73.23,14,"Sun","AM","Yoga","1"
"425",425,20,75.51,4,"Tue","AM","HIIT","0"
"426",426,15,66.77,4,"Tue","AM","Strength","0"
"427",427,11,78.77,4,"Tue","PM","HIIT","0"
"428",428,21,83.6,10,"Fri","AM","Cycling","1"
"429",429,13,92.71,8,"Thu","AM","Cycling","0"
"430",430,11,88.32,6,"Wed","PM","HIIT","0"
"431",431,7,90.6,12,"Sat","AM","unknown","0"
"432",432,5,101.1,10,"Fri","AM","HIIT","0"
"433",433,18,70.39,12,"Sat","AM","HIIT","1"
"434",434,6,91.61,12,"Fri","PM","Cycling","0"
"435",435,29,72.52,10,"Fri","AM","Yoga","1"
"436",436,19,71.64,10,"Fri","AM","HIIT","1"
"437",437,11,78.65,2,"Mon","AM","HIIT","0"
"438",438,57,69.95,10,"Fri","AM","HIIT","0"
"439",439,5,99.3,8,"Thu","AM","HIIT","0"
"440",440,17,69.39,13,"Sat","AM","Yoga","0"
"441",441,29,86.05,10,"Fri","AM","Cycling","0"
"442",442,6,116.26,4,"Tue","AM","HIIT","0"
"443",443,6,69.03,6,"Wed","AM","Strength","0"
"444",444,16,74.09,1,"Mon","PM","Cycling","1"
"445",445,14,87.14,10,"Fri","AM","HIIT","0"
"446",446,6,86.75,4,"Tue","AM","Yoga","0"
"447",447,9,75.91,14,"Sun","AM","Strength","0"
"448",448,36,77.6,1,"Mon","PM","Cycling","1"
"449",449,38,68.1,14,"Sun","AM","Cycling","1"
"450",450,10,88.89,2,"Mon","AM","HIIT","0"
"451",451,3,124.3,12,"Sat","PM","HIIT","0"
"452",452,5,135.18,8,"Thu","AM","HIIT","0"
"453",453,12,67.59,8,"Thu","AM","HIIT","0"
"454",454,12,79.07,10,"Fri","AM","HIIT","1"
"455",455,47,69.81,10,"Fri","AM","HIIT","0"
"456",456,6,113.32,11,"Thu","PM","Cycling","0"
"457",457,58,74.48,11,"Sat","PM","Strength","1"
"458",458,9,81.99,14,"Sun","AM","Yoga","0"
"459",459,36,76.7,6,"Wed","AM","Cycling","1"
"460",460,5,81.36,10,"Fri","AM","HIIT","0"
"461",461,26,67.17,10,"Fri","AM","HIIT","1"
"462",462,17,82.26,13,"Sun","PM","HIIT","0"
"463",463,5,95.52,10,"Fri","AM","HIIT","1"
"464",464,5,92.65,2,"Mon","AM","Strength","0"
"465",465,21,71.45,2,"Mon","AM","HIIT","0"
"466",466,8,105.82,6,"Wed","AM","Cycling","1"
"467",467,7,94.23,14,"Sun","AM","Cycling","0"
"468",468,10,90.65,8,"Thu","AM","HIIT","0"
"469",469,8,84.64,4,"Tue","AM","HIIT","0"
"470",470,9,62.72,10,"Fri","AM","HIIT","0"
"471",471,15,89.8,5,"Tue","PM","Strength","0"
"472",472,5,122.36,10,"Fri","AM","Yoga","0"
"473",473,22,68.88,8,"Thu","PM","HIIT","1"
"474",474,13,91.43,10,"Fri","AM","HIIT","1"
"475",475,24,75.74,10,"Fri","AM","Strength","0"
"476",476,26,75.31,6,"Wed","AM","Cycling","1"
"477",477,20,84.64,2,"Mon","AM","Strength","0"
"478",478,9,98.34,14,"Sun","AM","HIIT","0"
"479",479,20,85.93,14,"Sun","AM","HIIT","0"
"480",480,18,93.91,10,"Fri","AM","Cycling","1"
"481",481,9,79.54,15,"Sun","PM","Yoga","0"
"482",482,10,91.73,8,"Thu","AM","Strength","0"
"483",483,14,NA,1,"Mon","PM","Aqua","0"
"484",484,10,88.58,2,"Mon","AM","HIIT","1"
"485",485,39,77.84,11,"Fri","AM","HIIT","0"
"486",486,66,61.01,5,"Tue","AM","Aqua","1"
"487",487,48,82.1,10,"Fri","AM","HIIT","1"
"488",488,7,64.63,4,"Tue","PM","HIIT","0"
"489",489,20,76.14,4,"Tue","AM","HIIT","1"
"490",490,10,79.89,10,"Fri","AM","HIIT","0"
"491",491,5,96.85,10,"Fri","AM","Yoga","0"
"492",492,9,74.13,14,"Sun","AM","Strength","0"
"493",493,25,79.71,9,"Thu","PM","Aqua","1"
"494",494,17,68.3,8,"Thu","PM","Cycling","1"
"495",495,4,89.38,11,"Fri","AM","Strength","0"
"496",496,10,89.19,8,"Thu","AM","Cycling","0"
"497",497,7,77.96,2,"Mon","AM","HIIT","0"
"498",498,7,77.92,8,"Thu","AM","Cycling","0"
"499",499,11,76.3,12,"Sat","AM","Cycling","0"
"500",500,27,67.79,12,"Sat","AM","HIIT","1"
"501",501,9,73.42,12,"Sat","AM","HIIT","0"
"502",502,17,71.49,4,"Tue","PM","Yoga","0"
"503",503,14,71.04,6,"Wed","PM","HIIT","0"
"504",504,20,79.93,8,"Thu","PM","Cycling","0"
"505",505,11,88.93,14,"Sun","AM","HIIT","0"
"506",506,7,80.38,8,"Thu","AM","HIIT","0"
"507",507,14,86.68,2,"Mon","AM","HIIT","0"
"508",508,5,100.08,8,"Thu","AM","HIIT","0"
"509",509,5,90.34,2,"Mon","PM","HIIT","0"
"510",510,8,89.81,12,"Sat","AM","HIIT","0"
"511",511,8,73.28,14,"Sun","AM","HIIT","0"
"512",512,15,104.35,14,"Sun","AM","HIIT","0"
"513",513,14,72.28,13,"Sun","PM","HIIT","0"
"514",514,6,72.56,2,"Mon","PM","HIIT","0"
"515",515,5,100.69,8,"Thu","AM","HIIT","1"
"516",516,8,89.39,7,"Thu","PM","HIIT","0"
"517",517,6,104.74,4,"Tue","PM","Cycling","0"
"518",518,7,73.19,5,"Wed","PM","Cycling","0"
"519",519,24,65.01,3,"Mon","AM","Yoga","1"
"520",520,25,73.09,10,"Fri","AM","Yoga","0"
"521",521,10,86.22,10,"Fri","AM","Yoga","0"
"522",522,19,79.44,10,"Fri","AM","HIIT","0"
"523",523,20,71.28,4,"Tue","AM","Cycling","0"
"524",524,9,96.53,7,"Wed","PM","HIIT","0"
"525",525,19,77.58,10,"Fri","PM","HIIT","1"
"526",526,7,100.32,2,"Mon","AM","HIIT","0"
"527",527,6,100.43,10,"Thu","PM","Aqua","0"
"528",528,5,94.55,3,"Tue","PM","Strength","0"
"529",529,7,95.71,13,"Sun","PM","HIIT","0"
"530",530,12,75.1,14,"Sun","AM","Cycling","1"
"531",531,32,74.37,12,"Sat","AM","Cycling","1"
"532",532,73,66.5,2,"Mon","AM","HIIT","1"
"533",533,41,69.26,4,"Tue","AM","HIIT","1"
"534",534,33,81.68,8,"Thu","AM","HIIT","1"
"535",535,7,81.38,10,"Fri","AM","Cycling","0"
"536",536,21,73.59,4,"Tue","AM","HIIT","1"
"537",537,22,71.52,10,"Fri","AM","Strength","1"
"538",538,13,98.72,8,"Thu","AM","HIIT","0"
"539",539,28,72.4,4,"Tue","AM","Strength","0"
"540",540,10,89.43,10,"Fri","AM","HIIT","0"
"541",541,14,90.07,12,"Sat","AM","HIIT","1"
"542",542,8,75.28,12,"Sat","AM","Strength","0"
"543",543,10,96.42,14,"Sun","AM","HIIT","1"
"544",544,7,89.32,10,"Fri","AM","HIIT","0"
"545",545,45,73.82,4,"Tue","AM","HIIT","1"
"546",546,33,82.2,10,"Fri","AM","HIIT","1"
"547",547,11,69.2,14,"Sun","PM","Strength","0"
"548",548,12,86.94,8,"Thu","AM","Strength","1"
"549",549,6,74.58,2,"Mon","AM","Strength","0"
"550",550,11,86.49,10,"Fri","AM","HIIT","0"
"551",551,21,65.79,10,"Fri","AM","HIIT","1"
"552",552,43,63.19,8,"Thu","AM","HIIT","1"
"553",553,11,NA,9,"Thu","AM","HIIT","0"
"554",554,9,88.9,8,"Thu","AM","HIIT","0"
"555",555,17,81.36,7,"Thu","PM","HIIT","1"
"556",556,7,88.76,12,"Sat","AM","HIIT","0"
"557",557,28,76.94,2,"Mon","AM","Strength","1"
"558",558,9,73.43,12,"Sat","AM","HIIT","0"
"559",559,30,62.93,10,"Fri","AM","HIIT","0"
"560",560,8,76.09,10,"Fri","AM","HIIT","0"
"561",561,14,82.03,2,"Mon","AM","Strength","1"
"562",562,4,93.8,14,"Sun","AM","Strength","0"
"563",563,33,74.65,4,"Tue","PM","Cycling","0"
"564",564,32,73.05,2,"Mon","AM","Strength","1"
"565",565,10,92.9,2,"Mon","AM","HIIT","0"
"566",566,3,105.26,10,"Fri","AM","Cycling","0"
"567",567,15,60.48,2,"Mon","AM","Strength","1"
"568",568,18,91.96,4,"Tue","AM","Cycling","1"
"569",569,9,118.89,14,"Sun","PM","HIIT","0"
"570",570,9,81.29,12,"Sat","AM","HIIT","0"
"571",571,13,89.18,4,"Tue","AM","HIIT","0"
"572",572,6,88.92,14,"Sun","AM","HIIT","0"
"573",573,17,86.76,14,"Sun","AM","HIIT","1"
"574",574,24,69.93,15,"Sun","AM","HIIT","1"
"575",575,33,65.48,10,"Fri","AM","Strength","0"
"576",576,6,93.61,10,"Fri","AM","HIIT","0"
"577",577,6,93.9,5,"Tue","PM","HIIT","0"
"578",578,13,66.22,11,"Sat","PM","Cycling","0"
"579",579,11,85.85,12,"Thu","PM","Cycling","0"
"580",580,20,98.05,10,"Fri","AM","Strength","1"
"581",581,11,78.56,12,"Sat","AM","HIIT","1"
"582",582,5,101.35,2,"Mon","AM","unknown","0"
"583",583,26,103.79,13,"Sat","PM","HIIT","1"
"584",584,8,86.4,2,"Mon","AM","Cycling","0"
"585",585,33,83.91,15,"Sun","AM","HIIT","1"
"586",586,12,81.96,2,"Mon","PM","Cycling","0"
"587",587,16,76.97,4,"Tue","AM","HIIT","0"
"588",588,7,73.95,2,"Mon","AM","Cycling","0"
"589",589,15,100.25,4,"Tue","AM","Cycling","0"
"590",590,9,107.75,10,"Thu","PM","HIIT","0"
"591",591,61,73.69,10,"Fri","AM","HIIT","1"
"592",592,14,78.42,6,"Wed","PM","HIIT","0"
"593",593,7,95.77,2,"Mon","AM","HIIT","0"
"594",594,48,65.02,10,"Fri","AM","HIIT","1"
"595",595,5,111.45,10,"Fri","AM","HIIT","0"
"596",596,6,80.26,8,"Wed","PM","HIIT","0"
"597",597,9,86.65,4,"Tue","PM","Strength","1"
"598",598,13,93.42,8,"Thu","AM","HIIT","1"
"599",599,12,65.59,4,"Tue","AM","Strength","0"
"600",600,10,87.93,13,"Sat","AM","Cycling","0"
"601",601,19,73.83,10,"Fri","AM","Cycling","0"
"602",602,13,71.74,14,"Sun","PM","Yoga","0"
"603",603,6,73.63,8,"Thu","AM","Yoga","0"
"604",604,38,74.23,2,"Mon","AM","HIIT","0"
"605",605,6,90.6,14,"Sat","PM","HIIT","0"
"606",606,19,61.77,10,"Fri","AM","HIIT","1"
"607",607,12,62.92,17,"Sun","PM","Aqua","0"
"608",608,23,85.39,4,"Tue","AM","Cycling","1"
"609",609,9,100.55,14,"Sun","AM","Cycling","0"
"610",610,16,90.05,2,"Mon","AM","Cycling","1"
"611",611,21,64.96,14,"Sun","AM","HIIT","1"
"612",612,7,92.87,14,"Sun","AM","HIIT","0"
"613",613,9,97.62,14,"Sun","AM","Strength","1"
"614",614,14,79.4,10,"Fri","AM","Cycling","0"
"615",615,8,77.18,12,"Sat","AM","HIIT","0"
"616",616,12,86.26,10,"Fri","AM","Cycling","1"
"617",617,11,87.41,10,"Fri","AM","Cycling","0"
"618",618,3,86.95,14,"Sun","AM","HIIT","0"
"619",619,6,100.13,4,"Tue","AM","HIIT","0"
"620",620,20,76.53,6,"Wed","AM","Cycling","1"
"621",621,50,68.92,2,"Mon","AM","Cycling","1"
"622",622,4,117.81,2,"Mon","AM","Yoga","0"
"623",623,15,72.38,14,"Sun","AM","HIIT","0"
"624",624,9,104.31,10,"Fri","AM","HIIT","0"
"625",625,14,87.57,10,"Fri","AM","Cycling","0"
"626",626,11,80.36,8,"Thu","AM","HIIT","1"
"627",627,5,89.14,13,"Sun","PM","Strength","0"
"628",628,16,83.92,9,"Wed","PM","HIIT","0"
"629",629,17,92.08,8,"Thu","AM","HIIT","0"
"630",630,11,78.02,10,"Fri","AM","Strength","0"
"631",631,10,85.15,4,"Tue","PM","HIIT","0"
"632",632,22,92.92,2,"Mon","AM","Aqua","1"
"633",633,16,73.52,8,"Thu","AM","HIIT","1"
"634",634,15,92.56,6,"Wed","AM","HIIT","1"
"635",635,20,67.33,10,"Fri","AM","HIIT","1"
"636",636,34,63.04,10,"Fri","AM","Cycling","0"
"637",637,19,75.78,3,"Tue","PM","Cycling","0"
"638",638,6,98.24,10,"Fri","AM","HIIT","0"
"639",639,16,81.66,10,"Fri","AM","HIIT","0"
"640",640,7,78.08,2,"Mon","AM","Aqua","0"
"641",641,19,79.09,8,"Thu","PM","HIIT","1"
"642",642,8,75.74,10,"Wed","PM","Cycling","0"
"643",643,28,83.59,14,"Sun","AM","unknown","1"
"644",644,40,71.78,10,"Fri","AM","Yoga","1"
"645",645,14,94.11,14,"Sun","AM","Yoga","0"
"646",646,65,81.81,11,"Sat","PM","Strength","1"
"647",647,6,92.37,8,"Thu","AM","HIIT","0"
"648",648,15,87.87,10,"Fri","AM","Yoga","0"
"649",649,5,120.58,12,"Sat","AM","Cycling","0"
"650",650,33,65.27,14,"Sun","AM","Strength","0"
"651",651,8,78.59,3,"Tue","PM","HIIT","0"
"652",652,19,62.4,10,"Fri","AM","HIIT","1"
"653",653,19,74.67,10,"Fri","AM","Yoga","0"
"654",654,6,101.17,12,"Sat","AM","Cycling","0"
"655",655,18,79.35,8,"Thu","AM","Cycling","0"
"656",656,5,NA,12,"Sat","AM","Strength","0"
"657",657,13,71.99,6,"Wed","AM","Strength","0"
"658",658,21,74.06,12,"Sat","AM","Strength","0"
"659",659,12,72.51,2,"Mon","AM","HIIT","0"
"660",660,8,96.19,2,"Mon","AM","Aqua","0"
"661",661,55,73.66,4,"Tue","AM","HIIT","1"
"662",662,12,75.48,12,"Sat","AM","Cycling","0"
"663",663,29,71.22,12,"Sat","AM","HIIT","1"
"664",664,22,83.28,4,"Tue","PM","HIIT","0"
"665",665,21,82.87,9,"Thu","AM","Cycling","1"
"666",666,22,74.67,7,"Thu","PM","Cycling","0"
"667",667,20,69.43,14,"Sun","AM","Aqua","1"
"668",668,12,78.39,10,"Fri","AM","HIIT","1"
"669",669,13,78.87,8,"Thu","AM","Yoga","1"
"670",670,29,68.63,8,"Thu","PM","HIIT","1"
"671",671,6,119.63,14,"Sun","AM","Strength","0"
"672",672,29,74.22,8,"Thu","PM","Cycling","1"
"673",673,9,84.72,10,"Fri","AM","Yoga","1"
"674",674,5,91.71,10,"Fri","AM","Cycling","0"
"675",675,19,79.35,12,"Sat","AM","Strength","0"
"676",676,21,98.24,8,"Thu","AM","HIIT","1"
"677",677,2,79.12,6,"Wed","AM","HIIT","0"
"678",678,39,61.42,4,"Tue","AM","Strength","1"
"679",679,12,73.33,2,"Mon","AM","Cycling","0"
"680",680,50,71.86,11,"Sat","PM","HIIT","1"
"681",681,9,81.55,8,"Thu","PM","Cycling","0"
"682",682,13,78.54,2,"Mon","AM","HIIT","0"
"683",683,14,69.48,10,"Fri","AM","HIIT","0"
"684",684,29,69.87,11,"Sat","PM","HIIT","1"
"685",685,24,65.4,4,"Tue","AM","HIIT","1"
"686",686,45,73.9,4,"Tue","AM","Aqua","1"
"687",687,12,91.48,12,"Sat","AM","Strength","0"
"688",688,3,78.67,14,"Sun","AM","HIIT","0"
"689",689,19,92.99,6,"Wed","PM","Cycling","1"
"690",690,14,76.24,10,"Fri","AM","HIIT","1"
"691",691,38,77.43,6,"Wed","AM","Cycling","1"
"692",692,25,87.35,15,"Sun","PM","Cycling","1"
"693",693,6,93.32,8,"Mon","PM","HIIT","0"
"694",694,3,170.52,14,"Sun","AM","Yoga","0"
"695",695,23,74.51,14,"Sun","AM","Yoga","1"
"696",696,17,84.22,6,"Wed","PM","Cycling","0"
"697",697,9,110.07,14,"Sun","AM","HIIT","0"
"698",698,12,78.44,12,"Sat","AM","HIIT","1"
"699",699,19,76.8,12,"Sat","AM","Aqua","0"
"700",700,15,69.83,3,"Mon","AM","Cycling","0"
"701",701,10,82.74,14,"Sun","AM","Cycling","1"
"702",702,4,102.47,8,"Thu","AM","Strength","0"
"703",703,8,73.85,3,"Mon","AM","Strength","0"
"704",704,41,72.5,10,"Fri","AM","HIIT","1"
"705",705,5,103.17,12,"Sat","AM","unknown","0"
"706",706,10,83.71,8,"Thu","PM","HIIT","0"
"707",707,6,88.74,4,"Tue","AM","HIIT","0"
"708",708,15,80.04,15,"Sun","AM","HIIT","1"
"709",709,7,81.37,12,"Sat","AM","Cycling","1"
"710",710,3,102.97,14,"Sun","AM","Strength","0"
"711",711,24,79.64,5,"Tue","PM","HIIT","1"
"712",712,12,82.08,4,"Tue","AM","Yoga","0"
"713",713,8,93.09,14,"Sun","AM","Cycling","0"
"714",714,4,87.26,2,"Mon","AM","Yoga","0"
"715",715,22,64.66,8,"Thu","AM","Yoga","1"
"716",716,27,77.96,10,"Fri","AM","Cycling","0"
"717",717,6,92.29,8,"Thu","AM","Cycling","0"
"718",718,23,84.66,2,"Mon","AM","Cycling","1"
"719",719,6,101.59,4,"Tue","PM","Cycling","0"
"720",720,3,94.44,10,"Fri","AM","HIIT","0"
"721",721,31,65.71,2,"Mon","AM","HIIT","0"
"722",722,12,80.07,10,"Fri","AM","Strength","0"
"723",723,6,100.76,4,"Tue","PM","Cycling","0"
"724",724,11,90.45,2,"Mon","AM","Cycling","1"
"725",725,36,72.07,12,"Sat","AM","Cycling","1"
"726",726,12,96.19,10,"Fri","AM","Strength","1"
"727",727,11,69.41,4,"Tue","AM","HIIT","0"
"728",728,20,83.84,8,"Thu","AM","Cycling","1"
"729",729,6,80.45,12,"Sat","AM","Cycling","0"
"730",730,17,83.45,4,"Tue","AM","Strength","1"
"731",731,4,78.62,12,"Sat","AM","HIIT","0"
"732",732,13,98.58,4,"Tue","AM","Cycling","0"
"733",733,16,70.3,13,"Sat","PM","Cycling","0"
"734",734,13,112.39,8,"Thu","AM","HIIT","0"
"735",735,7,NA,8,"Thu","AM","HIIT","0"
"736",736,8,81.56,2,"Mon","AM","unknown","0"
"737",737,17,101.27,2,"Mon","AM","HIIT","0"
"738",738,9,73.8,12,"Sat","AM","Strength","0"
"739",739,52,58.24,4,"Tue","AM","Aqua","1"
"740",740,18,78.68,12,"Sat","AM","Yoga","0"
"741",741,39,76.59,2,"Mon","AM","Cycling","1"
"742",742,10,75.19,10,"Fri","AM","Yoga","0"
"743",743,11,NA,10,"Wed","PM","HIIT","0"
"744",744,15,76.65,8,"Thu","PM","HIIT","0"
"745",745,20,78.86,10,"Fri","AM","Cycling","1"
"746",746,25,74.67,2,"Mon","AM","HIIT","0"
"747",747,22,66.78,10,"Fri","AM","Aqua","1"
"748",748,7,98.71,2,"Mon","AM","Yoga","0"
"749",749,7,81.46,14,"Sun","AM","Yoga","0"
"750",750,6,71.74,8,"Thu","PM","Cycling","0"
"751",751,5,78.28,7,"Wed","AM","HIIT","0"
"752",752,20,75.03,8,"Thu","AM","HIIT","0"
"753",753,8,92.16,2,"Mon","AM","HIIT","0"
"754",754,8,93.36,13,"Sat","PM","HIIT","0"
"755",755,8,90.22,8,"Thu","AM","Strength","0"
"756",756,7,79.14,14,"Sun","AM","HIIT","0"
"757",757,12,89.83,12,"Sat","AM","Cycling","0"
"758",758,14,74.33,6,"Wed","AM","HIIT","0"
"759",759,13,75.8,12,"Sat","AM","Aqua","0"
"760",760,24,68.93,15,"Sun","PM","HIIT","1"
"761",761,10,105.54,2,"Mon","AM","Aqua","0"
"762",762,5,107.38,2,"Mon","AM","Cycling","0"
"763",763,7,82.96,2,"Mon","AM","HIIT","0"
"764",764,7,121.38,9,"Thu","PM","Yoga","1"
"765",765,21,68.06,10,"Fri","AM","Cycling","1"
"766",766,39,74.52,6,"Wed","PM","Strength","1"
"767",767,14,70.29,8,"Thu","AM","Cycling","1"
"768",768,13,71.55,8,"Thu","AM","HIIT","0"
"769",769,20,76.03,10,"Fri","AM","Cycling","0"
"770",770,5,110.13,10,"Fri","AM","HIIT","0"
"771",771,11,71.35,14,"Sun","AM","HIIT","0"
"772",772,11,77.92,10,"Fri","AM","HIIT","1"
"773",773,16,71.48,10,"Fri","AM","HIIT","1"
"774",774,16,81.34,10,"Fri","AM","Cycling","0"
"775",775,6,92.03,12,"Sat","AM","HIIT","0"
"776",776,25,84.04,15,"Sun","PM","Cycling","0"
"777",777,6,104.78,13,"Sun","PM","Strength","0"
"778",778,2,88.22,7,"Thu","PM","Aqua","0"
"779",779,18,61.4,8,"Thu","AM","HIIT","0"
"780",780,13,80.89,10,"Fri","AM","Strength","0"
"781",781,8,88.98,2,"Mon","PM","Cycling","0"
"782",782,10,NA,5,"Tue","PM","HIIT","0"
"783",783,15,85.42,12,"Sat","AM","Strength","0"
"784",784,18,74.33,2,"Mon","AM","Cycling","1"
"785",785,23,70.26,2,"Mon","AM","HIIT","0"
"786",786,7,97.76,10,"Fri","AM","Strength","0"
"787",787,18,74.69,8,"Thu","AM","Cycling","0"
"788",788,9,80.3,15,"Sun","PM","Yoga","0"
"789",789,12,80.56,2,"Mon","AM","HIIT","1"
"790",790,10,76.13,8,"Thu","AM","HIIT","0"
"791",791,13,77.37,12,"Wed","PM","HIIT","0"
"792",792,4,91.43,7,"Wed","AM","Cycling","0"
"793",793,11,76.97,2,"Mon","AM","Cycling","0"
"794",794,9,87.62,10,"Fri","AM","Cycling","0"
"795",795,13,76.75,10,"Fri","AM","Strength","0"
"796",796,10,81.47,14,"Sun","AM","Cycling","0"
"797",797,17,98.6,10,"Fri","AM","Yoga","0"
"798",798,15,79.43,14,"Sun","PM","HIIT","0"
"799",799,12,77.72,10,"Fri","AM","HIIT","0"
"800",800,22,73.51,14,"Sun","AM","HIIT","1"
"801",801,36,65.78,6,"Wed","AM","Cycling","0"
"802",802,25,70.57,4,"Tue","AM","HIIT","1"
"803",803,6,98.75,2,"Mon","AM","Yoga","0"
"804",804,10,82.86,5,"Wed","PM","HIIT","0"
"805",805,19,64.09,14,"Sun","PM","Yoga","0"
"806",806,5,71.81,10,"Fri","AM","Strength","0"
"807",807,4,102.92,12,"Sat","AM","HIIT","0"
"808",808,7,80.18,8,"Thu","AM","Strength","0"
"809",809,19,74.11,12,"Sat","AM","Cycling","0"
"810",810,18,78.39,14,"Sun","AM","Yoga","1"
"811",811,22,73.72,6,"Wed","AM","Cycling","1"
"812",812,14,75.69,5,"Tue","PM","Strength","0"
"813",813,22,85.12,10,"Fri","AM","Yoga","0"
"814",814,25,79.99,4,"Tue","AM","Cycling","1"
"815",815,6,95.82,4,"Tue","AM","HIIT","0"
"816",816,10,88.47,10,"Fri","AM","Cycling","0"
"817",817,28,64.23,4,"Tue","AM","Strength","0"
"818",818,17,72.14,12,"Sat","AM","Yoga","1"
"819",819,22,63.16,2,"Mon","AM","Strength","1"
"820",820,7,78.28,3,"Tue","PM","Cycling","1"
"821",821,21,83.77,2,"Mon","AM","Strength","1"
"822",822,2,113.93,12,"Sat","AM","Yoga","0"
"823",823,18,70.63,14,"Sun","AM","Strength","1"
"824",824,7,75.56,10,"Fri","AM","HIIT","0"
"825",825,11,88.68,2,"Mon","PM","HIIT","0"
"826",826,6,101.8,6,"Wed","PM","HIIT","0"
"827",827,3,95.73,2,"Mon","PM","HIIT","0"
"828",828,14,84.82,2,"Mon","AM","Aqua","0"
"829",829,23,74.79,2,"Mon","PM","Aqua","1"
"830",830,4,123.9,7,"Wed","AM","HIIT","0"
"831",831,14,73.37,7,"Thu","PM","Yoga","1"
"832",832,25,71.39,12,"Sat","PM","Aqua","0"
"833",833,12,93.43,10,"Fri","AM","HIIT","1"
"834",834,14,80.54,10,"Fri","AM","Aqua","0"
"835",835,10,85.67,2,"Mon","AM","HIIT","0"
"836",836,6,83.98,4,"Tue","AM","Cycling","0"
"837",837,10,66.72,10,"Wed","PM","HIIT","0"
"838",838,12,102.84,2,"Mon","PM","Strength","0"
"839",839,15,88.18,2,"Mon","AM","HIIT","0"
"840",840,5,84.22,4,"Tue","AM","Cycling","0"
"841",841,10,91.94,10,"Fri","AM","Aqua","0"
"842",842,7,84.64,9,"Thu","PM","HIIT","0"
"843",843,12,72,12,"Sat","AM","HIIT","0"
"844",844,8,68.34,12,"Sat","PM","Aqua","0"
"845",845,16,65.81,5,"Wed","PM","Aqua","0"
"846",846,43,72.42,14,"Sun","AM","HIIT","1"
"847",847,9,86.95,8,"Thu","AM","Strength","1"
"848",848,19,103.99,2,"Mon","AM","HIIT","1"
"849",849,7,74.35,15,"Sun","AM","Cycling","1"
"850",850,15,68.26,10,"Fri","AM","Cycling","0"
"851",851,20,80.4,13,"Sat","AM","HIIT","0"
"852",852,8,93.5,8,"Thu","AM","HIIT","1"
"853",853,22,73.15,2,"Mon","AM","Cycling","1"
"854",854,7,104.27,4,"Tue","AM","HIIT","0"
"855",855,16,83.93,8,"Thu","AM","Cycling","0"
"856",856,97,65.69,2,"Mon","AM","HIIT","1"
"857",857,12,77.36,8,"Thu","PM","Cycling","0"
"858",858,9,86.87,14,"Sun","AM","Cycling","0"
"859",859,5,112.43,3,"Tue","PM","HIIT","0"
"860",860,9,82.14,10,"Thu","PM","HIIT","0"
"861",861,6,95.66,3,"Tue","PM","Cycling","0"
"862",862,12,68.82,2,"Mon","AM","HIIT","0"
"863",863,7,92.39,4,"Tue","AM","HIIT","0"
"864",864,6,89.52,9,"Thu","PM","Cycling","0"
"865",865,4,NA,7,"Thu","PM","Cycling","0"
"866",866,10,70.79,6,"Wed","PM","Cycling","0"
"867",867,15,83.72,4,"Tue","AM","Cycling","0"
"868",868,8,91.17,12,"Thu","PM","Yoga","0"
"869",869,15,72.35,6,"Wed","PM","HIIT","0"
"870",870,5,108.14,8,"Thu","AM","Yoga","1"
"871",871,13,75.62,7,"Wed","PM","Cycling","0"
"872",872,22,80.87,10,"Fri","AM","Aqua","1"
"873",873,5,85.46,11,"Fri","AM","Cycling","0"
"874",874,9,95.9,10,"Fri","AM","HIIT","0"
"875",875,4,89.51,4,"Tue","AM","Cycling","0"
"876",876,4,92.01,13,"Sun","PM","HIIT","0"
"877",877,16,87.89,15,"Thu","PM","HIIT","0"
"878",878,13,86.73,10,"Fri","AM","HIIT","0"
"879",879,21,74.69,8,"Thu","AM","Aqua","1"
"880",880,20,73.04,14,"Sun","AM","HIIT","0"
"881",881,6,113.19,14,"Sun","AM","Cycling","0"
"882",882,41,73.9,8,"Thu","AM","HIIT","0"
"883",883,2,120.81,2,"Mon","AM","Cycling","0"
"884",884,10,83.37,3,"Mon","AM","Strength","0"
"885",885,18,87.7,7,"Wed","PM","Cycling","0"
"886",886,13,77.89,4,"Tue","PM","Cycling","1"
"887",887,1,112.5,12,"Fri","PM","Yoga","0"
"888",888,13,73.16,6,"Wed","PM","HIIT","1"
"889",889,23,82.96,8,"Thu","AM","Strength","1"
"890",890,17,80.49,4,"Tue","PM","Cycling","0"
"891",891,5,71.91,12,"Sat","AM","HIIT","0"
"892",892,27,75.63,9,"Thu","PM","Yoga","1"
"893",893,7,100.89,8,"Thu","AM","Yoga","1"
"894",894,6,75.8,14,"Sun","AM","Cycling","0"
"895",895,13,70.49,12,"Sat","AM","Aqua","0"
"896",896,20,66.31,14,"Sun","AM","HIIT","0"
"897",897,6,102.68,14,"Sun","AM","HIIT","0"
"898",898,19,79.19,13,"Sat","PM","Cycling","1"
"899",899,23,83.65,5,"Tue","PM","Cycling","1"
"900",900,7,90.83,10,"Fri","AM","Cycling","0"
"901",901,6,77.55,14,"Sun","AM","Strength","0"
"902",902,11,87.13,14,"Sun","AM","HIIT","0"
"903",903,11,76.69,2,"Mon","PM","HIIT","0"
"904",904,13,92.64,10,"Fri","AM","HIIT","1"
"905",905,19,82.38,3,"Tue","PM","Strength","0"
"906",906,5,83.85,15,"Fri","PM","Strength","1"
"907",907,32,69.71,10,"Thu","PM","Strength","1"
"908",908,11,68.33,8,"Thu","AM","Strength","0"
"909",909,17,90.19,12,"Sat","PM","HIIT","0"
"910",910,27,62.32,8,"Thu","PM","HIIT","1"
"911",911,9,79.91,12,"Sat","AM","HIIT","0"
"912",912,4,102.62,14,"Sun","AM","Cycling","0"
"913",913,9,87.94,10,"Fri","AM","HIIT","0"
"914",914,23,73.8,10,"Fri","AM","HIIT","1"
"915",915,8,84.11,6,"Wed","AM","Cycling","0"
"916",916,8,99.26,12,"Sat","AM","Aqua","0"
"917",917,5,110.25,2,"Mon","AM","HIIT","0"
"918",918,7,90.71,15,"Sun","PM","Aqua","1"
"919",919,19,79.46,3,"Tue","PM","Cycling","0"
"920",920,4,86.59,12,"Sat","AM","Strength","0"
"921",921,31,70.14,14,"Sun","AM","Cycling","1"
"922",922,24,72.74,10,"Fri","AM","Cycling","1"
"923",923,7,78.74,2,"Mon","AM","Strength","0"
"924",924,8,94.26,10,"Fri","AM","Yoga","0"
"925",925,9,78.28,6,"Wed","PM","Strength","0"
"926",926,20,65.61,12,"Sat","AM","Cycling","1"
"927",927,12,89.71,4,"Tue","AM","Strength","1"
"928",928,13,78.43,4,"Tue","PM","HIIT","0"
"929",929,22,61.15,2,"Mon","AM","Strength","0"
"930",930,4,109.66,14,"Sun","AM","Strength","0"
"931",931,11,NA,5,"Wed","PM","Cycling","0"
"932",932,11,114.87,15,"Sun","PM","HIIT","0"
"933",933,17,68.55,8,"Thu","AM","HIIT","1"
"934",934,36,58.42,4,"Mon","PM","HIIT","0"
"935",935,12,78.79,2,"Mon","AM","HIIT","0"
"936",936,12,88.38,9,"Thu","PM","HIIT","0"
"937",937,10,75.63,4,"Tue","PM","Strength","0"
"938",938,8,72.67,2,"Mon","AM","HIIT","0"
"939",939,4,82.25,14,"Sun","AM","Strength","0"
"940",940,33,73.91,14,"Sun","AM","Cycling","1"
"941",941,9,69.62,2,"Mon","AM","HIIT","0"
"942",942,32,67.75,2,"Mon","AM","HIIT","0"
"943",943,21,78.47,10,"Fri","AM","HIIT","0"
"944",944,14,75.73,8,"Mon","PM","HIIT","0"
"945",945,11,85.33,4,"Tue","AM","Cycling","0"
"946",946,55,67.57,5,"Tue","PM","Cycling","1"
"947",947,10,101.37,10,"Fri","AM","HIIT","0"
"948",948,13,92.63,14,"Sun","AM","HIIT","1"
"949",949,15,78.13,14,"Sun","AM","HIIT","0"
"950",950,11,66.38,15,"Sun","AM","Yoga","0"
"951",951,5,84.93,8,"Thu","AM","Cycling","0"
"952",952,18,96.81,13,"Sat","PM","Cycling","0"
"953",953,7,78.69,10,"Fri","AM","HIIT","0"
"954",954,23,86.62,12,"Sat","AM","HIIT","0"
"955",955,6,70.71,12,"Sat","AM","Cycling","0"
"956",956,37,73.62,15,"Sun","AM","Strength","1"
"957",957,5,115.91,14,"Sun","PM","HIIT","0"
"958",958,7,80.6,14,"Sun","AM","Cycling","1"
"959",959,7,97.28,4,"Tue","PM","Aqua","0"
"960",960,8,95.86,4,"Tue","AM","Cycling","0"
"961",961,39,60.46,8,"Thu","AM","HIIT","1"
"962",962,8,85.28,2,"Mon","AM","HIIT","0"
"963",963,14,68.83,6,"Wed","PM","HIIT","0"
"964",964,12,67.23,5,"Wed","PM","Yoga","0"
"965",965,14,79.27,11,"Fri","AM","Cycling","0"
"966",966,4,96.79,8,"Thu","PM","HIIT","0"
"967",967,17,72.1,7,"Thu","PM","HIIT","0"
"968",968,5,92.58,4,"Tue","AM","Yoga","0"
"969",969,57,68.87,9,"Thu","PM","HIIT","1"
"970",970,17,68.89,8,"Thu","AM","Cycling","1"
"971",971,31,64.05,10,"Thu","PM","Strength","0"
"972",972,16,80.54,8,"Thu","AM","Strength","1"
"973",973,9,82.62,10,"Fri","AM","Yoga","0"
"974",974,5,93.5,2,"Mon","AM","Cycling","0"
"975",975,8,105.3,2,"Mon","AM","HIIT","0"
"976",976,19,68.33,10,"Fri","AM","Strength","0"
"977",977,12,78.93,6,"Wed","AM","Strength","0"
"978",978,13,72.14,10,"Fri","AM","Strength","1"
"979",979,7,81.92,2,"Mon","AM","Strength","0"
"980",980,2,106.35,10,"Fri","AM","HIIT","0"
"981",981,29,NA,8,"Thu","PM","HIIT","1"
"982",982,13,83.12,10,"Fri","AM","HIIT","1"
"983",983,9,90.76,12,"Sat","PM","HIIT","0"
"984",984,14,85.6,8,"Thu","PM","HIIT","1"
"985",985,30,74.91,7,"Wed","PM","Yoga","0"
"986",986,24,76.25,14,"Sun","AM","Strength","1"
"987",987,22,67.24,12,"Sat","AM","Cycling","0"
"988",988,26,84.52,12,"Sat","AM","Yoga","1"
"989",989,9,91.27,2,"Mon","AM","Cycling","0"
"990",990,28,NA,8,"Thu","PM","HIIT","1"
"991",991,19,72.1,5,"Tue","PM","Cycling","0"
"992",992,28,62.02,10,"Fri","AM","Aqua","1"
"993",993,12,107.34,4,"Tue","PM","HIIT","1"
"994",994,4,108.35,2,"Mon","AM","HIIT","0"
"995",995,28,68.42,8,"Thu","AM","HIIT","0"
"996",996,11,90.72,10,"Fri","AM","Strength","0"
"997",997,8,89.73,4,"Tue","AM","HIIT","0"
"998",998,11,94.38,4,"Tue","PM","HIIT","0"
"999",999,8,118.88,6,"Wed","AM","Cycling","0"
"1000",1000,9,76.1,4,"Tue","AM","HIIT","0"
"1001",1001,4,116.17,14,"Sun","AM","HIIT","0"
"1002",1002,9,100.57,8,"Thu","PM","Cycling","0"
"1003",1003,6,107.06,10,"Fri","AM","Cycling","0"
"1004",1004,18,79.71,4,"Tue","AM","HIIT","1"
"1005",1005,14,95.6,14,"Sun","AM","HIIT","1"
"1006",1006,6,98.25,4,"Tue","AM","Cycling","0"
"1007",1007,4,97.91,8,"Thu","AM","Aqua","0"
"1008",1008,13,95.46,2,"Mon","AM","HIIT","0"
"1009",1009,7,81.29,14,"Sun","AM","Cycling","0"
"1010",1010,10,85.44,4,"Tue","AM","HIIT","1"
"1011",1011,8,84.78,12,"Sat","AM","Strength","0"
"1012",1012,11,80.16,3,"Mon","AM","HIIT","0"
"1013",1013,6,77.02,8,"Thu","AM","HIIT","0"
"1014",1014,22,72.47,2,"Mon","AM","HIIT","1"
"1015",1015,37,78.84,14,"Sun","AM","Cycling","1"
"1016",1016,17,87.69,10,"Fri","AM","Cycling","0"
"1017",1017,3,98.39,8,"Thu","AM","HIIT","0"
"1018",1018,12,77.86,13,"Sat","PM","Strength","0"
"1019",1019,20,78.85,5,"Wed","PM","HIIT","1"
"1020",1020,11,68.87,10,"Fri","AM","unknown","0"
"1021",1021,11,75.72,10,"Fri","AM","Cycling","0"
"1022",1022,11,85.39,4,"Tue","AM","Strength","0"
"1023",1023,8,85.87,5,"Wed","PM","Cycling","0"
"1024",1024,24,78.37,2,"Mon","AM","HIIT","1"
"1025",1025,8,84.76,6,"Wed","PM","Cycling","0"
"1026",1026,10,80.48,10,"Fri","AM","Cycling","1"
"1027",1027,14,70.03,2,"Mon","AM","Cycling","0"
"1028",1028,30,66.57,10,"Fri","AM","Cycling","1"
"1029",1029,39,72.72,10,"Fri","AM","HIIT","1"
"1030",1030,16,77.38,14,"Sun","AM","HIIT","1"
"1031",1031,25,69.54,2,"Mon","AM","Yoga","0"
"1032",1032,11,87.59,2,"Mon","AM","Strength","0"
"1033",1033,5,92.73,11,"Fri","PM","Yoga","0"
"1034",1034,15,73.13,12,"Sat","AM","Cycling","0"
"1035",1035,5,102.23,8,"Thu","AM","Cycling","0"
"1036",1036,16,80.51,10,"Fri","AM","Strength","0"
"1037",1037,27,64.44,2,"Mon","AM","HIIT","1"
"1038",1038,7,99.82,8,"Thu","AM","HIIT","0"
"1039",1039,11,89.04,7,"Wed","PM","Cycling","0"
"1040",1040,14,75.22,4,"Tue","AM","HIIT","0"
"1041",1041,3,92.28,14,"Sun","AM","HIIT","0"
"1042",1042,8,71.45,7,"Wed","PM","Cycling","0"
"1043",1043,6,99.08,2,"Mon","AM","Cycling","0"
"1044",1044,27,66.27,14,"Sun","AM","Yoga","1"
"1045",1045,6,98.74,8,"Thu","AM","HIIT","0"
"1046",1046,13,84.03,10,"Fri","AM","Strength","0"
"1047",1047,43,75.68,7,"Tue","PM","Strength","0"
"1048",1048,5,72.36,11,"Thu","PM","Cycling","0"
"1049",1049,34,72.59,15,"Sun","PM","HIIT","1"
"1050",1050,13,108.49,15,"Sun","PM","Cycling","0"
"1051",1051,66,74.76,12,"Sat","AM","Strength","1"
"1052",1052,6,87.67,8,"Thu","AM","Yoga","0"
"1053",1053,11,98.58,14,"Sun","PM","Aqua","0"
"1054",1054,14,87.44,10,"Fri","AM","HIIT","0"
"1055",1055,44,67.44,6,"Wed","AM","Yoga","1"
"1056",1056,16,84.73,4,"Tue","AM","Cycling","1"
"1057",1057,12,70.37,2,"Mon","AM","HIIT","1"
"1058",1058,21,84.98,2,"Mon","AM","HIIT","0"
"1059",1059,2,103.2,12,"Sat","PM","HIIT","0"
"1060",1060,7,105.02,16,"Sun","PM","Yoga","0"
"1061",1061,5,82.28,14,"Sun","AM","Aqua","0"
"1062",1062,18,75.51,2,"Mon","AM","HIIT","0"
"1063",1063,20,79.56,14,"Sun","AM","Strength","1"
"1064",1064,27,74.64,10,"Fri","AM","Yoga","1"
"1065",1065,5,113.01,14,"Sun","AM","HIIT","0"
"1066",1066,13,82.63,10,"Fri","AM","HIIT","1"
"1067",1067,15,88.37,14,"Sun","AM","HIIT","0"
"1068",1068,10,83.46,10,"Fri","AM","Strength","0"
"1069",1069,15,101.58,8,"Thu","AM","HIIT","0"
"1070",1070,8,86.87,10,"Fri","AM","HIIT","1"
"1071",1071,9,89.78,10,"Fri","AM","HIIT","0"
"1072",1072,6,105.3,7,"Wed","PM","HIIT","0"
"1073",1073,7,73.57,10,"Fri","AM","HIIT","0"
"1074",1074,11,70.23,14,"Sun","AM","Strength","0"
"1075",1075,12,113.45,12,"Sat","AM","Cycling","0"
"1076",1076,37,NA,11,"Sat","PM","HIIT","1"
"1077",1077,15,79.93,10,"Fri","AM","HIIT","0"
"1078",1078,9,81.36,2,"Mon","AM","HIIT","1"
"1079",1079,6,95.25,12,"Sat","AM","HIIT","0"
"1080",1080,13,76.99,14,"Sun","PM","HIIT","0"
"1081",1081,19,76.36,10,"Fri","AM","Strength","0"
"1082",1082,2,107.87,3,"Tue","PM","Strength","0"
"1083",1083,17,77.38,6,"Wed","PM","HIIT","0"
"1084",1084,12,60.28,2,"Mon","AM","Strength","1"
"1085",1085,25,71.24,4,"Tue","PM","Strength","0"
"1086",1086,36,66.3,10,"Fri","AM","HIIT","1"
"1087",1087,15,82.72,12,"Sat","AM","Cycling","0"
"1088",1088,15,81.13,4,"Tue","AM","HIIT","1"
"1089",1089,11,106.15,10,"Fri","AM","Cycling","1"
"1090",1090,16,76.18,13,"Sun","PM","Cycling","1"
"1091",1091,7,83.9,7,"Thu","PM","Strength","0"
"1092",1092,15,74.44,12,"Sat","AM","Strength","0"
"1093",1093,7,97.03,10,"Fri","AM","Strength","0"
"1094",1094,10,75.94,4,"Tue","AM","Cycling","0"
"1095",1095,12,72.15,10,"Fri","AM","Aqua","1"
"1096",1096,5,76.18,3,"Tue","PM","Strength","0"
"1097",1097,20,90.68,10,"Fri","AM","Cycling","0"
"1098",1098,3,88.66,8,"Thu","AM","HIIT","0"
"1099",1099,7,112.71,14,"Sun","AM","HIIT","0"
"1100",1100,30,65.6,9,"Fri","PM","Cycling","0"
"1101",1101,39,86.12,12,"Sat","AM","HIIT","1"
"1102",1102,15,70.98,6,"Wed","AM","Yoga","0"
"1103",1103,11,83.37,6,"Wed","AM","Cycling","0"
"1104",1104,47,71.17,12,"Sat","AM","Yoga","1"
"1105",1105,13,77.43,10,"Fri","AM","unknown","0"
"1106",1106,16,79.54,11,"Fri","AM","Aqua","1"
"1107",1107,65,60.62,12,"Sat","AM","HIIT","1"
"1108",1108,7,77.76,7,"Wed","PM","Strength","0"
"1109",1109,5,81.07,4,"Tue","AM","HIIT","0"
"1110",1110,11,106.25,4,"Tue","PM","HIIT","1"
"1111",1111,18,68.84,10,"Fri","AM","HIIT","0"
"1112",1112,14,69,8,"Thu","AM","Cycling","1"
"1113",1113,8,86.34,10,"Fri","AM","HIIT","0"
"1114",1114,7,79.69,3,"Mon","AM","Cycling","0"
"1115",1115,9,75.46,14,"Sun","AM","Yoga","0"
"1116",1116,14,73.31,12,"Sat","AM","Cycling","0"
"1117",1117,15,65.47,6,"Wed","AM","HIIT","1"
"1118",1118,9,69.85,8,"Thu","AM","HIIT","0"
"1119",1119,3,127.59,8,"Thu","AM","Cycling","0"
"1120",1120,16,NA,8,"Thu","AM","Cycling","1"
"1121",1121,30,66.24,10,"Fri","AM","HIIT","1"
"1122",1122,7,79.29,4,"Tue","AM","HIIT","0"
"1123",1123,42,64.79,10,"Fri","AM","HIIT","0"
"1124",1124,6,84.71,8,"Thu","PM","Aqua","1"
"1125",1125,19,82.98,4,"Tue","AM","Cycling","0"
"1126",1126,5,84.07,2,"Mon","AM","HIIT","0"
"1127",1127,13,73.96,8,"Thu","AM","Yoga","0"
"1128",1128,14,69.96,8,"Thu","AM","HIIT","0"
"1129",1129,15,80.28,14,"Sun","AM","HIIT","0"
"1130",1130,8,79.83,7,"Thu","PM","Strength","0"
"1131",1131,15,77.2,10,"Fri","AM","Cycling","0"
"1132",1132,17,69.11,4,"Tue","AM","HIIT","0"
"1133",1133,31,66.13,14,"Sun","AM","Cycling","0"
"1134",1134,19,84.1,3,"Mon","AM","HIIT","0"
"1135",1135,29,68.39,14,"Sun","AM","Strength","1"
"1136",1136,26,74.59,12,"Sat","AM","Cycling","0"
"1137",1137,13,101.34,14,"Sun","PM","Strength","0"
"1138",1138,25,65.79,5,"Tue","PM","HIIT","0"
"1139",1139,25,72.79,4,"Tue","AM","HIIT","0"
"1140",1140,10,91.96,8,"Thu","AM","HIIT","0"
"1141",1141,9,75.12,1,"Mon","PM","HIIT","0"
"1142",1142,5,89.44,4,"Tue","AM","Yoga","0"
"1143",1143,15,88.75,14,"Sun","AM","Aqua","0"
"1144",1144,11,89.99,6,"Wed","AM","Cycling","0"
"1145",1145,9,106.16,6,"Tue","PM","Cycling","0"
"1146",1146,22,75.59,8,"Thu","AM","HIIT","0"
"1147",1147,15,72.18,4,"Tue","AM","HIIT","0"
"1148",1148,6,69.47,12,"Sat","AM","HIIT","0"
"1149",1149,18,84.65,2,"Mon","AM","HIIT","1"
"1150",1150,7,82.02,2,"Mon","AM","Yoga","0"
"1151",1151,25,72.89,15,"Sun","PM","HIIT","1"
"1152",1152,30,64.29,12,"Sat","AM","Strength","1"
"1153",1153,8,76.19,8,"Thu","PM","HIIT","0"
"1154",1154,5,107.55,6,"Wed","AM","Aqua","0"
"1155",1155,16,81.5,4,"Tue","AM","HIIT","1"
"1156",1156,16,83.76,2,"Mon","AM","HIIT","0"
"1157",1157,4,80.76,8,"Thu","PM","HIIT","1"
"1158",1158,38,60.68,8,"Thu","PM","Strength","1"
"1159",1159,20,85.5,4,"Tue","PM","HIIT","1"
"1160",1160,19,88.18,12,"Sat","PM","HIIT","1"
"1161",1161,33,70.46,10,"Fri","AM","Yoga","1"
"1162",1162,6,72.05,2,"Mon","AM","HIIT","0"
"1163",1163,7,100.68,4,"Tue","PM","HIIT","0"
"1164",1164,10,87.59,10,"Fri","AM","HIIT","1"
"1165",1165,15,72.29,12,"Sat","AM","HIIT","0"
"1166",1166,12,71.94,12,"Sat","AM","HIIT","1"
"1167",1167,8,80.65,5,"Wed","PM","HIIT","0"
"1168",1168,15,71.89,8,"Thu","AM","Yoga","0"
"1169",1169,12,80.08,10,"Fri","AM","HIIT","1"
"1170",1170,9,83.06,10,"Fri","AM","Cycling","0"
"1171",1171,9,94.24,6,"Wed","AM","Strength","0"
"1172",1172,37,77.97,14,"Sat","PM","HIIT","0"
"1173",1173,12,83.52,10,"Fri","AM","Yoga","0"
"1174",1174,6,72.65,14,"Sun","AM","Cycling","0"
"1175",1175,8,75.38,10,"Fri","AM","Yoga","0"
"1176",1176,11,64.78,2,"Mon","AM","Cycling","1"
"1177",1177,22,73.89,4,"Tue","AM","HIIT","0"
"1178",1178,19,63.45,2,"Mon","AM","Strength","1"
"1179",1179,13,71.23,14,"Sun","PM","Yoga","0"
"1180",1180,15,84.82,2,"Mon","AM","HIIT","1"
"1181",1181,8,85.87,14,"Sun","AM","HIIT","0"
"1182",1182,18,62.01,14,"Sun","PM","Cycling","0"
"1183",1183,8,79.06,11,"Sat","PM","Strength","0"
"1184",1184,17,84.44,2,"Mon","AM","HIIT","0"
"1185",1185,33,89.68,2,"Mon","AM","Yoga","0"
"1186",1186,5,110.29,16,"Sun","PM","HIIT","0"
"1187",1187,17,82.26,10,"Fri","AM","Yoga","0"
"1188",1188,13,73.16,10,"Fri","AM","Strength","0"
"1189",1189,5,107.06,10,"Fri","AM","Yoga","0"
"1190",1190,19,98.45,10,"Fri","AM","Cycling","0"
"1191",1191,30,69.49,1,"Mon","PM","HIIT","1"
"1192",1192,10,74.58,12,"Sat","AM","Cycling","0"
"1193",1193,5,92.47,3,"Tue","PM","HIIT","0"
"1194",1194,12,83.1,13,"Sun","PM","HIIT","0"
"1195",1195,11,69.61,10,"Fri","AM","HIIT","1"
"1196",1196,14,103.33,8,"Thu","AM","HIIT","0"
"1197",1197,16,74.33,10,"Fri","AM","HIIT","1"
"1198",1198,12,74.04,4,"Tue","PM","unknown","0"
"1199",1199,6,94.48,1,"Mon","PM","HIIT","1"
"1200",1200,59,72.38,7,"Wed","PM","Cycling","1"
"1201",1201,10,89.17,12,"Sat","AM","HIIT","0"
"1202",1202,5,103.62,2,"Mon","AM","HIIT","0"
"1203",1203,16,63.06,14,"Sun","AM","Cycling","1"
"1204",1204,27,91.63,2,"Mon","AM","Cycling","0"
"1205",1205,10,80.77,8,"Thu","AM","Yoga","1"
"1206",1206,51,74.81,10,"Fri","AM","unknown","1"
"1207",1207,11,76.82,4,"Tue","PM","HIIT","0"
"1208",1208,23,75.49,10,"Fri","AM","Cycling","0"
"1209",1209,12,72.33,14,"Sun","AM","Cycling","1"
"1210",1210,13,66.53,4,"Tue","AM","Yoga","0"
"1211",1211,8,101.45,12,"Sat","AM","Cycling","0"
"1212",1212,38,82.68,10,"Fri","AM","Cycling","1"
"1213",1213,29,74.85,8,"Thu","AM","Cycling","1"
"1214",1214,16,83.87,15,"Sun","AM","Cycling","0"
"1215",1215,3,80.49,10,"Fri","AM","Strength","0"
"1216",1216,7,80.56,12,"Sat","AM","Strength","0"
"1217",1217,4,83.66,4,"Tue","AM","HIIT","0"
"1218",1218,5,85.03,10,"Fri","AM","Cycling","0"
"1219",1219,15,93.03,6,"Wed","AM","HIIT","0"
"1220",1220,3,90.34,10,"Fri","AM","HIIT","0"
"1221",1221,25,79.19,2,"Mon","AM","HIIT","1"
"1222",1222,12,84.1,4,"Tue","AM","HIIT","0"
"1223",1223,36,67.08,14,"Sun","AM","Cycling","0"
"1224",1224,38,78.83,10,"Fri","AM","HIIT","1"
"1225",1225,6,87.93,12,"Sat","AM","Cycling","0"
"1226",1226,11,136.02,2,"Mon","AM","HIIT","0"
"1227",1227,41,61.37,5,"Tue","PM","HIIT","1"
"1228",1228,4,84.12,8,"Thu","AM","HIIT","0"
"1229",1229,21,68.11,4,"Tue","PM","Cycling","0"
"1230",1230,17,80.4,14,"Sun","PM","Cycling","1"
"1231",1231,25,74.69,10,"Fri","AM","Cycling","1"
"1232",1232,93,64.42,12,"Sat","AM","Strength","1"
"1233",1233,17,91.63,10,"Fri","AM","Yoga","1"
"1234",1234,10,76.58,8,"Thu","AM","Yoga","0"
"1235",1235,13,98.4,6,"Wed","PM","HIIT","0"
"1236",1236,16,87.83,10,"Fri","AM","HIIT","0"
"1237",1237,5,105.72,10,"Fri","PM","Yoga","0"
"1238",1238,18,90.76,10,"Fri","AM","HIIT","0"
"1239",1239,21,74.17,8,"Thu","AM","HIIT","0"
"1240",1240,8,75.42,10,"Fri","AM","HIIT","1"
"1241",1241,9,74.85,2,"Mon","AM","HIIT","0"
"1242",1242,15,74.76,10,"Fri","AM","HIIT","0"
"1243",1243,27,65.59,10,"Fri","AM","Strength","1"
"1244",1244,23,88.97,10,"Fri","AM","Cycling","0"
"1245",1245,15,77.96,14,"Sun","AM","Cycling","0"
"1246",1246,33,80.96,10,"Fri","AM","Cycling","1"
"1247",1247,12,81.62,10,"Fri","AM","HIIT","0"
"1248",1248,4,97.16,4,"Tue","PM","HIIT","0"
"1249",1249,8,78.3,12,"Sat","AM","Strength","0"
"1250",1250,22,74.2,9,"Thu","PM","Cycling","1"
"1251",1251,23,78.81,8,"Thu","PM","Cycling","0"
"1252",1252,9,81.65,8,"Thu","AM","Strength","0"
"1253",1253,31,70.98,4,"Tue","AM","HIIT","1"
"1254",1254,20,81.84,10,"Fri","AM","HIIT","0"
"1255",1255,15,71.12,10,"Fri","AM","HIIT","1"
"1256",1256,23,70.88,2,"Mon","AM","Cycling","0"
"1257",1257,5,133.36,2,"Mon","AM","Cycling","0"
"1258",1258,11,76.05,10,"Fri","AM","Cycling","0"
"1259",1259,3,87.74,14,"Sun","AM","Cycling","0"
"1260",1260,13,83.47,6,"Wed","AM","Yoga","0"
"1261",1261,25,67.46,8,"Thu","AM","HIIT","1"
"1262",1262,41,71.94,12,"Sat","AM","HIIT","1"
"1263",1263,10,111.31,10,"Fri","AM","HIIT","0"
"1264",1264,19,83.47,12,"Sat","AM","Strength","0"
"1265",1265,13,73.05,14,"Sun","PM","HIIT","1"
"1266",1266,5,82.14,4,"Tue","AM","HIIT","0"
"1267",1267,14,NA,4,"Tue","AM","Cycling","0"
"1268",1268,10,73.94,10,"Fri","AM","Cycling","0"
"1269",1269,7,82.26,3,"Mon","PM","Strength","0"
"1270",1270,23,68.06,8,"Wed","PM","HIIT","0"
"1271",1271,5,82.61,12,"Sat","AM","Yoga","0"
"1272",1272,6,94.94,2,"Mon","AM","Strength","0"
"1273",1273,8,83.73,10,"Fri","AM","Yoga","0"
"1274",1274,15,73.72,12,"Sat","AM","Cycling","0"
"1275",1275,43,67.14,3,"Tue","PM","HIIT","1"
"1276",1276,17,72.1,12,"Sat","AM","Strength","0"
"1277",1277,4,104.25,8,"Thu","AM","Strength","0"
"1278",1278,8,81.44,10,"Fri","AM","HIIT","0"
"1279",1279,13,78.39,12,"Sat","AM","Cycling","0"
"1280",1280,17,67.46,8,"Thu","AM","Cycling","0"
"1281",1281,7,102.6,12,"Sat","AM","HIIT","0"
"1282",1282,7,78.27,8,"Thu","PM","Strength","0"
"1283",1283,19,83.96,10,"Fri","AM","HIIT","0"
"1284",1284,22,78.16,12,"Sat","PM","HIIT","1"
"1285",1285,24,63.79,11,"Fri","AM","Yoga","0"
"1286",1286,10,79.31,11,"Fri","AM","Strength","0"
"1287",1287,7,89.22,9,"Thu","PM","Cycling","0"
"1288",1288,41,80.54,11,"Sat","PM","Strength","1"
"1289",1289,7,104.79,10,"Fri","AM","HIIT","0"
"1290",1290,31,79.68,14,"Sun","AM","Aqua","0"
"1291",1291,10,80.23,12,"Sat","AM","Aqua","0"
"1292",1292,19,70.64,7,"Thu","PM","Aqua","0"
"1293",1293,6,95.1,4,"Tue","AM","HIIT","0"
"1294",1294,12,89.8,10,"Fri","AM","Aqua","0"
"1295",1295,17,85.26,6,"Wed","AM","Yoga","0"
"1296",1296,14,87.9,12,"Sat","AM","Cycling","0"
"1297",1297,14,88.48,8,"Thu","PM","Cycling","0"
"1298",1298,33,71.25,11,"Fri","AM","Strength","1"
"1299",1299,8,94.46,10,"Fri","AM","Cycling","0"
"1300",1300,38,73.54,12,"Sat","AM","Yoga","1"
"1301",1301,19,83.51,4,"Tue","AM","Strength","1"
"1302",1302,21,81.88,6,"Wed","AM","Aqua","0"
"1303",1303,5,92.9,5,"Wed","PM","Cycling","0"
"1304",1304,16,78.31,6,"Wed","AM","Cycling","0"
"1305",1305,10,99.68,14,"Sun","AM","Cycling","0"
"1306",1306,7,94,10,"Fri","AM","HIIT","0"
"1307",1307,1,106.04,4,"Tue","AM","Yoga","0"
"1308",1308,4,81.9,4,"Tue","AM","HIIT","0"
"1309",1309,12,72.82,10,"Fri","AM","HIIT","0"
"1310",1310,12,99.32,2,"Mon","AM","Cycling","0"
"1311",1311,12,80.8,4,"Tue","PM","HIIT","0"
"1312",1312,20,103.58,8,"Thu","AM","Cycling","1"
"1313",1313,6,85.35,2,"Mon","AM","Strength","0"
"1314",1314,16,71.36,14,"Sun","AM","Cycling","1"
"1315",1315,29,77.95,17,"Sun","PM","HIIT","1"
"1316",1316,15,61.91,14,"Sun","PM","Yoga","1"
"1317",1317,8,100.23,2,"Mon","AM","HIIT","1"
"1318",1318,13,72.13,3,"Tue","PM","Strength","0"
"1319",1319,54,67.03,3,"Mon","AM","HIIT","1"
"1320",1320,14,82.93,10,"Fri","AM","HIIT","1"
"1321",1321,42,62.02,12,"Sat","AM","HIIT","1"
"1322",1322,4,71.07,12,"Sat","PM","HIIT","0"
"1323",1323,4,96.87,6,"Wed","AM","HIIT","0"
"1324",1324,8,73.43,14,"Sun","AM","Cycling","0"
"1325",1325,12,106.37,6,"Wed","AM","Cycling","0"
"1326",1326,24,64.51,14,"Sun","AM","HIIT","1"
"1327",1327,6,82.63,12,"Sat","AM","HIIT","0"
"1328",1328,8,80.38,2,"Mon","AM","Cycling","0"
"1329",1329,11,99.29,10,"Fri","AM","HIIT","0"
"1330",1330,12,92.52,8,"Thu","AM","Strength","0"
"1331",1331,9,73.95,2,"Mon","AM","unknown","0"
"1332",1332,12,101.56,8,"Thu","AM","HIIT","1"
"1333",1333,21,75.55,11,"Fri","AM","Cycling","0"
"1334",1334,6,84.85,10,"Fri","AM","Cycling","0"
"1335",1335,5,85.07,10,"Fri","AM","HIIT","0"
"1336",1336,15,97.98,10,"Fri","AM","HIIT","1"
"1337",1337,4,NA,14,"Sun","AM","Cycling","1"
"1338",1338,24,64.27,4,"Tue","PM","Cycling","1"
"1339",1339,14,86.97,10,"Fri","AM","Strength","0"
"1340",1340,9,85.91,4,"Tue","PM","HIIT","1"
"1341",1341,148,71.09,7,"Thu","PM","Aqua","1"
"1342",1342,16,81.9,9,"Thu","AM","HIIT","1"
"1343",1343,8,97.95,3,"Tue","PM","Strength","0"
"1344",1344,3,95.63,10,"Fri","AM","Cycling","0"
"1345",1345,6,98.55,4,"Tue","PM","Yoga","0"
"1346",1346,19,63.11,8,"Thu","AM","Yoga","0"
"1347",1347,11,70.18,8,"Thu","AM","HIIT","0"
"1348",1348,9,83.35,6,"Wed","AM","Cycling","1"
"1349",1349,19,67.27,6,"Wed","PM","HIIT","1"
"1350",1350,20,77.02,8,"Thu","AM","Yoga","0"
"1351",1351,10,80.73,12,"Sat","PM","Cycling","0"
"1352",1352,58,64.11,14,"Sun","AM","HIIT","1"
"1353",1353,9,83.71,6,"Wed","AM","HIIT","0"
"1354",1354,15,75.63,12,"Sat","AM","HIIT","0"
"1355",1355,4,78.5,5,"Tue","PM","HIIT","0"
"1356",1356,4,107.11,10,"Fri","AM","Cycling","0"
"1357",1357,3,101.27,6,"Wed","AM","HIIT","0"
"1358",1358,9,80.63,12,"Sat","AM","HIIT","0"
"1359",1359,5,89.07,6,"Wed","AM","Cycling","0"
"1360",1360,20,87.83,8,"Thu","AM","HIIT","1"
"1361",1361,18,98.25,12,"Sat","AM","HIIT","1"
"1362",1362,13,76.5,2,"Mon","AM","Cycling","0"
"1363",1363,13,87.91,10,"Fri","AM","HIIT","0"
"1364",1364,10,NA,5,"Tue","PM","HIIT","0"
"1365",1365,9,79.12,13,"Sun","PM","Strength","0"
"1366",1366,9,76.94,12,"Sat","AM","HIIT","0"
"1367",1367,12,84.13,29,"Sun","PM","Strength","0"
"1368",1368,8,79.69,8,"Thu","AM","Cycling","0"
"1369",1369,18,77.85,8,"Thu","AM","Strength","1"
"1370",1370,12,71.65,14,"Sun","AM","HIIT","0"
"1371",1371,11,84.58,14,"Sun","AM","HIIT","1"
"1372",1372,16,84.24,10,"Fri","AM","Cycling","1"
"1373",1373,9,83,8,"Thu","AM","Strength","0"
"1374",1374,6,84.3,12,"Sat","AM","Aqua","0"
"1375",1375,25,68.49,8,"Thu","AM","HIIT","1"
"1376",1376,5,86.21,3,"Mon","AM","HIIT","0"
"1377",1377,6,96.62,8,"Thu","AM","Strength","0"
"1378",1378,21,69.44,14,"Sun","AM","HIIT","1"
"1379",1379,14,78.53,8,"Thu","AM","Yoga","0"
"1380",1380,6,85.07,6,"Wed","PM","Cycling","0"
"1381",1381,10,88.27,11,"Thu","PM","Yoga","0"
"1382",1382,11,86.3,10,"Fri","AM","Cycling","0"
"1383",1383,6,81.43,5,"Wed","PM","HIIT","0"
"1384",1384,10,76.18,10,"Fri","AM","HIIT","0"
"1385",1385,10,65.33,10,"Fri","AM","HIIT","1"
"1386",1386,8,85.33,14,"Sun","AM","Strength","0"
"1387",1387,15,66.06,15,"Sun","PM","Aqua","0"
"1388",1388,9,102.31,14,"Sun","AM","Cycling","1"
"1389",1389,18,63.47,2,"Mon","AM","Cycling","0"
"1390",1390,8,83.58,10,"Fri","AM","HIIT","0"
"1391",1391,8,83.35,12,"Sat","PM","Strength","0"
"1392",1392,18,74.09,13,"Sun","PM","Cycling","1"
"1393",1393,3,95.75,12,"Sat","AM","Strength","0"
"1394",1394,7,76.82,10,"Fri","AM","Strength","0"
"1395",1395,19,84.75,9,"Fri","PM","HIIT","1"
"1396",1396,11,87.24,8,"Thu","AM","HIIT","1"
"1397",1397,16,86.73,8,"Thu","AM","Aqua","1"
"1398",1398,23,66.3,10,"Fri","AM","Cycling","1"
"1399",1399,111,60.66,2,"Mon","AM","Strength","1"
"1400",1400,7,71.88,1,"Mon","PM","HIIT","0"
"1401",1401,24,73.47,12,"Sat","AM","HIIT","1"
"1402",1402,48,66.51,8,"Thu","AM","Aqua","1"
"1403",1403,16,87.64,6,"Wed","PM","HIIT","0"
"1404",1404,18,74.43,10,"Fri","AM","HIIT","1"
"1405",1405,9,71.88,14,"Sun","AM","Cycling","0"
"1406",1406,26,100.26,14,"Sun","AM","Cycling","0"
"1407",1407,10,102.02,2,"Mon","AM","Yoga","0"
"1408",1408,53,68.17,14,"Sun","AM","Strength","0"
"1409",1409,21,76.6,12,"Sat","AM","Cycling","1"
"1410",1410,11,92.16,9,"Thu","PM","Cycling","0"
"1411",1411,7,86,17,"Sun","PM","HIIT","0"
"1412",1412,32,71.67,5,"Wed","PM","Cycling","0"
"1413",1413,11,83.12,10,"Fri","AM","HIIT","0"
"1414",1414,7,76.11,12,"Sat","AM","HIIT","0"
"1415",1415,34,58.95,14,"Sun","AM","HIIT","1"
"1416",1416,7,82.97,6,"Wed","AM","HIIT","0"
"1417",1417,17,NA,2,"Mon","AM","Strength","0"
"1418",1418,6,94.41,4,"Tue","AM","Cycling","0"
"1419",1419,22,80.91,10,"Fri","AM","Cycling","0"
"1420",1420,19,81.53,8,"Thu","AM","HIIT","1"
"1421",1421,22,68.29,12,"Sat","AM","HIIT","1"
"1422",1422,5,99.41,2,"Mon","AM","HIIT","0"
"1423",1423,7,89.21,4,"Tue","PM","HIIT","1"
"1424",1424,25,73.49,8,"Thu","PM","Aqua","1"
"1425",1425,4,88.08,10,"Fri","AM","Strength","0"
"1426",1426,19,80.26,12,"Sat","AM","HIIT","0"
"1427",1427,57,68.35,8,"Thu","AM","HIIT","1"
"1428",1428,7,89.99,14,"Sun","AM","HIIT","0"
"1429",1429,9,86.35,9,"Thu","PM","HIIT","1"
"1430",1430,18,76.3,4,"Tue","AM","HIIT","1"
"1431",1431,38,77.69,9,"Thu","PM","HIIT","0"
"1432",1432,6,82.57,2,"Mon","AM","Cycling","0"
"1433",1433,11,87.37,3,"Mon","PM","HIIT","0"
"1434",1434,9,80.75,8,"Thu","PM","Cycling","0"
"1435",1435,14,79.86,14,"Sun","AM","Cycling","0"
"1436",1436,13,87.37,10,"Fri","AM","Cycling","0"
"1437",1437,20,63.74,2,"Mon","AM","Cycling","1"
"1438",1438,8,98.04,12,"Sat","AM","Cycling","0"
"1439",1439,13,73.52,14,"Sun","AM","Strength","1"
"1440",1440,11,81.43,9,"Fri","PM","Strength","0"
"1441",1441,8,78.23,4,"Tue","PM","HIIT","0"
"1442",1442,39,88.82,10,"Fri","AM","HIIT","1"
"1443",1443,5,113.16,4,"Tue","PM","HIIT","0"
"1444",1444,10,75.25,4,"Tue","AM","HIIT","0"
"1445",1445,10,67.73,4,"Tue","AM","HIIT","1"
"1446",1446,17,70.46,10,"Fri","AM","HIIT","1"
"1447",1447,22,78.21,4,"Tue","AM","Cycling","0"
"1448",1448,7,85.46,9,"Wed","PM","HIIT","0"
"1449",1449,12,82.28,8,"Thu","AM","HIIT","0"
"1450",1450,69,77.26,8,"Thu","AM","Yoga","1"
"1451",1451,18,72.73,5,"Wed","PM","HIIT","1"
"1452",1452,22,70.97,10,"Fri","AM","unknown","0"
"1453",1453,17,67.91,12,"Sat","AM","Strength","0"
"1454",1454,9,84.67,14,"Sun","AM","HIIT","0"
"1455",1455,35,67.64,4,"Tue","PM","HIIT","1"
"1456",1456,11,101.27,8,"Thu","AM","HIIT","0"
"1457",1457,6,83.66,4,"Tue","AM","Cycling","1"
"1458",1458,12,82.03,4,"Tue","AM","HIIT","0"
"1459",1459,4,102.92,10,"Fri","AM","Strength","0"
"1460",1460,13,73.31,12,"Sat","PM","Cycling","0"
"1461",1461,13,73.28,12,"Sat","AM","Strength","0"
"1462",1462,12,78.9,11,"Wed","PM","HIIT","0"
"1463",1463,25,85.75,10,"Fri","AM","Aqua","1"
"1464",1464,27,63.85,12,"Sat","AM","HIIT","1"
"1465",1465,16,67.94,12,"Sat","AM","Aqua","1"
"1466",1466,4,129.28,10,"Fri","AM","Yoga","0"
"1467",1467,13,94.71,14,"Sun","AM","HIIT","0"
"1468",1468,7,90.64,9,"Tue","PM","HIIT","0"
"1469",1469,22,82.79,2,"Mon","AM","HIIT","0"
"1470",1470,13,95.47,6,"Wed","AM","Strength","0"
"1471",1471,14,80.12,2,"Mon","AM","Strength","1"
"1472",1472,8,75.32,7,"Thu","PM","Cycling","0"
"1473",1473,42,76.55,14,"Sun","AM","HIIT","1"
"1474",1474,26,71.87,10,"Fri","AM","Strength","1"
"1475",1475,10,82.38,6,"Wed","PM","Aqua","0"
"1476",1476,12,75.82,12,"Sat","AM","Cycling","1"
"1477",1477,12,74,4,"Tue","AM","HIIT","1"
"1478",1478,22,82.2,14,"Sun","AM","Yoga","0"
"1479",1479,16,73.94,12,"Sat","AM","Strength","0"
"1480",1480,21,69.62,3,"Mon","PM","HIIT","1"
"1481",1481,21,95.85,8,"Thu","AM","HIIT","1"
"1482",1482,8,96.91,8,"Thu","AM","Strength","0"
"1483",1483,3,90.73,12,"Sat","AM","Aqua","0"
"1484",1484,12,79.13,2,"Mon","AM","HIIT","0"
"1485",1485,19,69.63,10,"Fri","AM","HIIT","1"
"1486",1486,54,72.29,5,"Tue","PM","HIIT","1"
"1487",1487,10,82.81,2,"Mon","AM","Aqua","0"
"1488",1488,15,77.79,4,"Tue","AM","Yoga","0"
"1489",1489,11,81.44,8,"Thu","AM","HIIT","0"
"1490",1490,7,77.8,10,"Fri","AM","Aqua","0"
"1491",1491,6,105.12,2,"Mon","AM","Yoga","0"
"1492",1492,8,87.76,2,"Mon","PM","HIIT","0"
"1493",1493,18,74.32,6,"Wed","PM","HIIT","0"
"1494",1494,9,80.46,8,"Thu","AM","HIIT","0"
"1495",1495,15,88.5,7,"Thu","PM","HIIT","1"
"1496",1496,21,79.51,10,"Fri","AM","HIIT","0"
"1497",1497,29,89.55,2,"Mon","AM","Strength","0"
"1498",1498,9,87.38,4,"Tue","AM","HIIT","0"
"1499",1499,34,68.64,14,"Sun","AM","Aqua","0"
"1500",1500,20,94.39,8,"Thu","AM","Cycling","1"
